{"version":13,"hash":{"type":"Buffer","data":"mLkV5c8qVRBu67EH+tu6meHJqM7fgQa6YX9Wss8MQQEIRt17hymn+VO8UdznC0ILUVjt9d7tUrEcEywWhTgjNsUOsEMheqdyKqyv8h0Eb4ucn4LTIp3dY5OaxT5w2rKm94KCnVxS53of/NizMjli3dWYXd1UoMzDC3TM5RKTzZc="},"indexValueMap":{"Fq1pBU70bXh9jiPC1W5FjRgmt+j2MZ2kXZgXU095A8A=":{"valueMac":{"type":"Buffer","data":"cyVIb8xWjmOglEm34wb3SjIkJ5ed3ePI+94ZWhUtp1o="}},"GGlKnrPH5o1AMTmzshl3+yPlNu6JLWtWI+OGOEcu7eA=":{"valueMac":{"type":"Buffer","data":"E1E7nnnEQJ3x62IFDVCAMMJkpN5HpgF4DaSvv71gCTM="}},"GWKBbL6dXw29ERTR72JfqBVJgGP9yPT+UCd8aDhRj70=":{"valueMac":{"type":"Buffer","data":"rRAwDzjdT5aucJs9zXrFzWLpCZE4FBf5FVeico3lPBI="}},"HLc5Kl8sdl+qsMCKK36Dn6UfLw8iprfshO81SYTFlUU=":{"valueMac":{"type":"Buffer","data":"Yia7vIz+naXGUtjV/zxChe+xKiarGP17YpDwt/I5vAc="}},"Jko1rfWF8aTNq/X9yiSuZdDG9/FskHQfo8nxSpjZe/Y=":{"valueMac":{"type":"Buffer","data":"cs/tX/bqUBaPFz4d76RNJZOY44R2Ay8ISc9RFzsgMeI="}},"QifRatkGr46GG1LvPIuPcIg5hfAbYo9cbF2mbbQhhBs=":{"valueMac":{"type":"Buffer","data":"0n2JvoDLY5bBkBW93WP1KRYHkfQRTrd/5lAL6F9f3Ms="}},"RF0oSW5NwYejvc8EfYcd/jFAL4tsjgYXeQff6a3AvDc=":{"valueMac":{"type":"Buffer","data":"T8XIMNYjCs95zGdqEDuOCUa75rUru9BMW15JKsAvLEg="}},"Zs0sqeoUk+JS8puZ1IXbtfDBZfabno9C+qAHY4i2Q9U=":{"valueMac":{"type":"Buffer","data":"hCbt56B2CV0RUthseYVvQekVnI9fI3fzyRb1VrbfdcM="}},"Z3dEKcMLy6souqhdA32/CDjX+LFPbG+dLt4zqq2pcYQ=":{"valueMac":{"type":"Buffer","data":"c4VOiCt1qAqAM8iJENtTkpZnudbZaY+pTM895ebGT0w="}},"d264rIPS+shvJrK92ZFMdKBCBWf8zsnT0Ye7Ko6f4d8=":{"valueMac":{"type":"Buffer","data":"JdwfO8tJExgkGHk9oz2d0tBzgxumztIrlrEpIGC+F58="}},"2beyEuR7fMDThSGmK2b2SdCuwIpj+y741FWytiFSIto=":{"valueMac":{"type":"Buffer","data":"aKsxITUJbZkRip2yEIjv7qP5gnIYTAblzwBEn/nMyx0="}},"3T4GHIm3S6/TZncFJr2tc5OORrQ9DSeM3/oCtRHqc3s=":{"valueMac":{"type":"Buffer","data":"q69nBQtnr0soeyATHupzE5qacCz03zV9A+1Yhirp+zA="}},"6Bme6Vn3OAbWO22UpoHcHMMVbX1YVnHuQ0iahZ15xlc=":{"valueMac":{"type":"Buffer","data":"JPLFVg53anuEmvG8f6yyiJr8nqXYGGFHLXy18GvfK28="}},"/MTHJsO1z+GE95MrytkEv9phTkpAyOxBY3ndJSEDjeQ=":{"valueMac":{"type":"Buffer","data":"OM2cn5V43l5CgjpcDSwYVOQFeufJwPwXQNmnF+LBgpA="}},"/0UYBEzpcB6LRHQaBiZf60cOMl3qSRhH1qSXvxpEwEg=":{"valueMac":{"type":"Buffer","data":"xyR7hSkqWHT+VZevhDrNVYwBH94xNkmi9BgijehyGvc="}},"s3g5u8ro2y9sy8dCpfoEyjmpSXl1PnyrLWNuunXenug=":{"valueMac":{"type":"Buffer","data":"qmEEcFBABXK0Y+iiMTUU+CjQ1SPzWN0UsFsMbymeMmo="}},"vONU1WxYBgMqieKkgUU8N4f0fVFdfyG2EgdeYj7ARrQ=":{"valueMac":{"type":"Buffer","data":"RKdlkyhF+GhFCOi8DVi91YvinX3fu8W3LNmkv6dOLME="}},"HufefGOU1rh2q+7vUvXchKVWGpt/wDCLny684aQ/bUI=":{"valueMac":{"type":"Buffer","data":"ch/Ykx+keSigfxoXkGIVGsWYAILWYULnzJlcZCOYZGI="}},"2kfwjk7nAPhUZpfzG6R/CguKuSMvp0DDkhh5B1X3Vos=":{"valueMac":{"type":"Buffer","data":"nlu3leOIkdA6F21dKGu9yt1e4JbeLkz2W+C5Ky0T4lk="}}}}