{"version":12,"hash":{"type":"Buffer","data":"jVt52Ab/+a1eTVN3P8ahYq68LleoLK2kyolv3JGG7iZPH/ASqr5Vz0C1d+Jg8CpGrY2rBTVRuTiZ637LU68l9dSU1Z95kzjspJE3Q9Y8V5W1oq53BDGgDThzKRaNe8OycmlN61SAiyAxrjZJmj5Kerkztoh/+yixU3n3S4dZk0Y="},"indexValueMap":{"AOxX5A333Kf7YZfSB9Ce9azkXqzVndfijFofnTpvBuc=":{"valueMac":{"type":"Buffer","data":"DfSy8iSDdqzO4top0g8bVhpVjkZvR8H8iAcsZDr8m5s="}},"ArSssY5FtkATVwKNbrkCW0B/Ww1mwgcxHHZJ9SYrfIU=":{"valueMac":{"type":"Buffer","data":"i1+EzrKEPnqA9Bm6Bkbebjg5bj9KHPrm0PylHjmmVic="}},"AyEaU+9rumbahupT/jhUgpw0JAU4eTq/fGUd0uMnkPo=":{"valueMac":{"type":"Buffer","data":"Mc+oK664iffIEha4VqFpys/ReCRgUmQC0DMunMr0irk="}},"BIuKrOZdyHfgubgF6TbDFVXDlWKyOWY8FDWyadV0QQs=":{"valueMac":{"type":"Buffer","data":"1YkpfnTwXcDINHIQgqEMs/bBgq8F+5n/WKTRFwfTceQ="}},"BW/mWs1m/JlsyZyI1bByA73cso1v//U49H0tHXVLkGw=":{"valueMac":{"type":"Buffer","data":"9nxUM2jnsnAP+ZHKspg+VNlPubju6bzwPWMQaM4DVQM="}},"B17t/y12mDfzT5EUeTBpcUwuOqiab9J3CAfpzFgmcPc=":{"valueMac":{"type":"Buffer","data":"jIh6LZELZPxtHXHdryTUHew0xanqTEe1FIHaGRifq68="}},"CLHus2WJRj5Q/CshgLOYQUQDWgYjUDPmlRWoRDxSVXs=":{"valueMac":{"type":"Buffer","data":"94Bw0WjBDaUqjZ4kTKQrpnMTc+6JBj+0hPeWRooSOzE="}},"CctRSFeHEREaZOsd0Ypb7IJqMBn7CG4RlfwdgtQ6CTM=":{"valueMac":{"type":"Buffer","data":"uZqZaJhj0vsd52Rtbxb8jMULOaNRD1W5G+VrS5rKL4A="}},"Cdi+ag2duHvVuRis70yVqaJNkANgywCI2qHjtlC0h5c=":{"valueMac":{"type":"Buffer","data":"XvxttOk11c4BPPQkuMu1z3jeAG/rxrNFZ1jdt3vTtBw="}},"ClBGieT5tv7fYokMTYQ1/GMtNQpSTwpk/PTIrHban6c=":{"valueMac":{"type":"Buffer","data":"ynta0XNXWocAX7N4tM6gFTXgl8KHg5ZpeSDWFiaIipg="}},"DL7ejtbHanxKz0j1/Cx8oEYQZR+2DnXMWUuNLALdNtk=":{"valueMac":{"type":"Buffer","data":"AHJ8CuoWZKYTGLViO+3zUYk3mA88a9LWmckp9tsw2bM="}},"DQm3a/I86Si9UjpGyD1Znfmn2TZcMlqxD8Kv331yfwE=":{"valueMac":{"type":"Buffer","data":"SWk2h6rfgRxnYDY7YV26LslIr1BwvezpWNa2fdG2duo="}},"DXRkKIsI/4Vy2mEyZEIn2JU+GfQjdrUQ3O6Y+EwdJH8=":{"valueMac":{"type":"Buffer","data":"7RBzqhfc7q517gNmcou6ekmHWzR9GtzMec0fFuObJKY="}},"DmoTV0LANF7+UNeyjYfTGwU8Tcg3SwnzkSW6DEXPSeY=":{"valueMac":{"type":"Buffer","data":"V+VpzkxJMaRZf7CedAJWqN4JUFQMdl8RWLkA1R+BxQQ="}},"DvC6XgZIythLS0xtxsy0cGhaJz/C+J5LpsI/mB4mPPU=":{"valueMac":{"type":"Buffer","data":"RlyZKRN/P0rNIcffD2x9eNatvm2rwHhetlbFuO8Aq1s="}},"Dv212IHnsl85rCTejfEkRRtWWtMolIW8N8RUvnofMEg=":{"valueMac":{"type":"Buffer","data":"W2JiBMHqKfp1gjKHT4cvNv+6f9oDcMXhWoV5ktyWDNc="}},"D5EVfgOEzUc8mrxVOZXlMou/sunEFoshZn2iOaTeku8=":{"valueMac":{"type":"Buffer","data":"MFS1CIo2kjB1AWWExK4vbuRZ09RI+LuMJqkYBgrHzsM="}},"D6pd2Gn5l6GC6g0wiGvzo1NwtnacEytRqhS1oN54i9M=":{"valueMac":{"type":"Buffer","data":"ZsSfiYClJFG7pOIW75tfPtVPH43uL0xPIx+bfG3XDk8="}},"EEJt/nMmLrc58m3jxJXyGxVPJvn2VWy9SH4/N6hYQwc=":{"valueMac":{"type":"Buffer","data":"6UNC/a7tqubRxK4+NhO/7gEgOcaoNN7hLVyshsg9fl0="}},"Er7zcQxS7Y19dOT0v2FOOc792hGkLBbO+svBKG8Nf0M=":{"valueMac":{"type":"Buffer","data":"/BopnjRSMdwjPkJlR5+pf76F/3sGLJBLJbD/ZrK0JWk="}},"E0yH4WHRsgzSAVNxJMbCfMDRe9G9k1zPzlMoZ+eSFsI=":{"valueMac":{"type":"Buffer","data":"8h2pJzTcApZqH5wkSLE1AUX0NSxtLXoMWpLSttsdKhg="}},"E1RA0eRBJxBfqtvN972JJex8+FXtqM6t4H0QOu9WqLw=":{"valueMac":{"type":"Buffer","data":"l3mMMygiaxowC3msFfLehOkgsbGjfvJLs346JZCu2dQ="}},"E9lF+nNAeDWnYgIOc3ZcHpQ+BuC56LCAwEP9cQhohbM=":{"valueMac":{"type":"Buffer","data":"QNs1ZDQmfLirqp9iMyaTvkjZq/YK4PCoGMGLqtWt5WI="}},"FC7AfK9G4mh9sOlCPtaSSNCYs+2bUVMkCE7XdwUH0JE=":{"valueMac":{"type":"Buffer","data":"k9o7H/iCcBUMiYaCgZUd2yJIm8KK48V7kuRr+c6kuW0="}},"Fegt8fW741manfozkt4F1ZpO/EYtn0uREloHIZLLP4o=":{"valueMac":{"type":"Buffer","data":"NENhLmlXc1OtvOGzrGPnYeeRiXEJSt48SN3PtrAZkH4="}},"FfEa3iPtGzBHgVI2IXOMbk0AZ96150KXy316uyapoVc=":{"valueMac":{"type":"Buffer","data":"oxhbb32AlQAQiB7SPXDaRrXP8OE5Mkek6DNExRWW4/8="}},"GHoJ8OCcCITuJVwEsqr42jNgDLlGQah0H1cIbapZlJg=":{"valueMac":{"type":"Buffer","data":"pdmlpxRQ2jbso6dyfY37dFPZ0ZmV+dtlQEAeYgtk5Wg="}},"GRa4CJqKkHlxJlL58FwZ0aNDOd+UuuqJ1eXNM+T50o4=":{"valueMac":{"type":"Buffer","data":"zcb57NUsOITNl/sYdZzb6ZFatLQrC4KwqqT73dSPNUQ="}},"GTEeV6/Twa4iPWjnkNLpxQf3bwcUAHwwNzFhUhyL7K0=":{"valueMac":{"type":"Buffer","data":"NAxA241jGzG3GjgK0fK5aUylI5YCpy7HP6BCVC/zXOA="}},"G+89NlNWsZ2DiHCmGbDcMR1RCs8tfBF/ULVefDFRmDA=":{"valueMac":{"type":"Buffer","data":"5RRcyYpqa9HKtSeV4kfjp359Gja2fr1ac0lfbCzsqgg="}},"HMgYlyV3PKK2b9bc2rx82DnJLAWm+pSsPNFEK2sq7jw=":{"valueMac":{"type":"Buffer","data":"4v9R3ecyAVQO3PktYn8143qXXLheK/QiCUR18bRIeBo="}},"HWQhtzoJtKQk3lEINbkqLb54wGHvpeSKmRHFH5mmHDY=":{"valueMac":{"type":"Buffer","data":"/52qAgo8tm/Xysmlk4rxnn8kEdHEyHiw4QnrhtH4kTY="}},"HdMSdR9jl6N2lK0yCBC6h0fxSABjCBqibqojCj+ZTsI=":{"valueMac":{"type":"Buffer","data":"7ow17Fjv6LM+TzycG0bV7BmWgmXRO2R74XoxMHyCsTE="}},"HzG4CsVfkxUaPYnhqVdssXgKmf82cb6h8d8q10AS9jQ=":{"valueMac":{"type":"Buffer","data":"6Uz2IT4OABgBv/sLdizaoS0CdV3L0YjpbfgQLoDoDvk="}},"H4emT/feqChn6ebew4/VMWegXlNoiabEe1yraRiLKdY=":{"valueMac":{"type":"Buffer","data":"sfeRhqpm1sSzbUMbO9qjmN7TsvbCYOp6BzGJVpx6etU="}},"IBWXouY285N92yF1UDvcda1lI8ADdUIccF5gUw4DopY=":{"valueMac":{"type":"Buffer","data":"QcevXmqJ4U0+amn42p1pwjwMsB9ARnyCPkz2/shI9UY="}},"IFDNakxJq8yG7X5SIxBRXb4cxFsF2H+RkoxI2VCNoBs=":{"valueMac":{"type":"Buffer","data":"d56wr80nKqIB/wsTsxiBKXTPLcSOHbqOiq84FKgqPSs="}},"IdTl401uoJjFxEYRnoP0ZJkt2e+0mE9JZ9KBtbqIl8Y=":{"valueMac":{"type":"Buffer","data":"cF8T1SQ+u87Sz3CPfHFdFGvin/wwphjwX/Oa7arKhi4="}},"IdjwmiwoEqy/SX+UUqj4nrJ483wNT+aOw+CCVaK0sKw=":{"valueMac":{"type":"Buffer","data":"JcrMQrrVto0OuiG4PGoRjQYz67KgxQRhEiAPXB4MgWE="}},"ImTvrFKCjhcJYue7J0B6BYXuMTX8NF2x5+pEF9ACKoI=":{"valueMac":{"type":"Buffer","data":"jBrBJbomt961VTCcZKuIFClxq15E0dLVRK2S10ErlD4="}},"I9FS3/XclyX6wv6V2KiTHKJcbQncALFWrPO+F89JvMo=":{"valueMac":{"type":"Buffer","data":"a5yI3VSVzcHXQdGEUTENsRNbWxkBviWguE+PNFOmYCo="}},"JQt6KEYwJdq0WIBNxx1rIwfEiidURr71+xqgRqT/akQ=":{"valueMac":{"type":"Buffer","data":"l9XKfQsBt3yPNzBzGFDMqKp7jfATOV2dTNpaAkQa+/4="}},"JVVSL41sikP8+gjDpjvNxnGeIAVl2eJ1nmh1ya4U7oo=":{"valueMac":{"type":"Buffer","data":"40WCfkK5CmnBLu+uKfbgxKQKJo1GWRjRVkXQoIP6kqk="}},"Jvc7z7u3TmXiKDmSi76dQ6jpUf6HCm8RS8kVxuvuTT4=":{"valueMac":{"type":"Buffer","data":"Stmdabmis4d9vdBudaYkFZiWReAFT+wPsn+YZw7JW3o="}},"Jz2A4l3x7E5pGKnz3BTR35faWJEY22gNKGMU6ZKusf0=":{"valueMac":{"type":"Buffer","data":"e1pMhwniwM+7TmvJud/jgndgf+oXh1S2rFLfh/TcxFM="}},"J5okrvGlAvkMBqvnFma+Pttj5BbaYWLFUHaW4/L2FQ0=":{"valueMac":{"type":"Buffer","data":"wVI+s+L7H8hMLpvJ7E3FAAqo34rjkpp43zn7X6rqikM="}},"KAftK1Qbi9P5EW/Zm6gK9q/qkYZxZZAX+h16tvEPpfQ=":{"valueMac":{"type":"Buffer","data":"7vOmT3YTLegHlP+rzWhUnvOzeFEdTr5sfmy2fTCcCKY="}},"KD6eRq5ejHcMedYVZlIh9zD81LW2VivR7K44O+L+zS0=":{"valueMac":{"type":"Buffer","data":"jSJpYSOLa3+sOwaNNhfs6k+Xy+yJVBdsIxaDDANDUSE="}},"KRC+heT4uj8bMkBhxgxFV+pDKvQUbMi9q3+lVFKVzk0=":{"valueMac":{"type":"Buffer","data":"syFpx8860Su0HwiV8aBp/fckh2jFAXd27MoaTUEoEWY="}},"KYnaUCxw7tGzrfyXG8/jwcFJey86dEZ5BEaRSd54XrM=":{"valueMac":{"type":"Buffer","data":"addF/mteVoXwdJZWQ34IHXYvnzrrExQr1kByyjvuEPk="}},"KbpZ3K6vM2GPNdCrg0pF1FVmpxROZShtnLCnLFdbtdU=":{"valueMac":{"type":"Buffer","data":"xJk/d/MJvU1VzHaIPd6Rr5RPjN1L1soMidE5pPr4r7E="}},"KcFQyBWkObOVBQiDNmcAyOq6aUs4CqwBZj+kEx6i1mY=":{"valueMac":{"type":"Buffer","data":"T+AUhMblrqMSbQHA7nGn+N1jXdbxtZSyuu9vHCdmTqs="}},"KeZ0/Jm/+TkNL9cz4Z6Yb6g/sJdtouw3TF1WO54l9dA=":{"valueMac":{"type":"Buffer","data":"nA3FyH6nXGPGvS07UcYgzg/i1Zjwd/dLeBjhbtqs1mw="}},"Kl5o2MmYwZ7ilhR2hyco4NwjVe9w4A6CrXUqqSKPOck=":{"valueMac":{"type":"Buffer","data":"7t3hpqgud5g9IvV6SOyfKabuqGS0YwapQWZqzaBpydY="}},"Ko8PbBrN5ZpfO9bhVmU0i4mJ2u2q1Cme/PAH0yK34Fw=":{"valueMac":{"type":"Buffer","data":"U10MaMMsa2EVO9eQkRYseMcW46gAygkvA/0y5MAvkyE="}},"Ks804168ZXNW854ZMjuEpj9Jy9UjEjNBvGxTYgc7OXY=":{"valueMac":{"type":"Buffer","data":"2WoIcKTYNEKmbfNxZVP13Q6DGFn7hfNrzIOjDaF9R+c="}},"KzCfHWAzBiyLdePP1iII75qFweQp7I5lafketiqXxuI=":{"valueMac":{"type":"Buffer","data":"BnhRpNd9snGKX/lSU4WACoNe2izVSs6gvU7M9XZ+Ff0="}},"K1QLAg8nYDVTHthTq/4F+/hDtPaoTbFeX9sJFBf4iH4=":{"valueMac":{"type":"Buffer","data":"eszdF/RS18/dku8CWZ+APMQR+LLAGCRMMo3gsi2eFts="}},"K9Ulhv89NeXKzH1rx4umcNj63DCu4QRy3NIO7SWN/TM=":{"valueMac":{"type":"Buffer","data":"AWqOJ3x4w0Zd/yg7lgo5iYOlYJx1UaACbFefQg72yqw="}},"LEWYoVjh2nJnXEesx8d94qtEyQqV7dGu3Cj6uIlMD4A=":{"valueMac":{"type":"Buffer","data":"Mrwz7ENH5eEcHXbZZ5ptkNCzgp7GYpiWYv/bw0yNq78="}},"LMO6HFHqaEu0B6wzQkIPmvvAgRTsRbHUyPwPn9Wlsig=":{"valueMac":{"type":"Buffer","data":"gu/rR0Ri+3glA6V50YO5OHNdQPG6V/px3glW/fputvE="}},"LS+L5hkjqfGIod3S5TED4tiRPoqIsQpOcdR8QvZtyVc=":{"valueMac":{"type":"Buffer","data":"zbIKG5hJU7Uo+uCzFOio2/K84lgX/ZV6GrBtgm+Xdqk="}},"LT+wr35gwVWqd0+cUwKgvC99b+zUI+CwTx/k0pN4dMY=":{"valueMac":{"type":"Buffer","data":"I9x+3cz25Vl4tSD8AazV6I5T+/tmo/ppt9DXAK+31OY="}},"LcZ4lvDBqhZ4QP63a+PsyU3YvcljTvCrQiKGepghqNk=":{"valueMac":{"type":"Buffer","data":"StRSmJy4NmqnX2yFNm+XhYU18xTAbXufuvV/ZYFMzN0="}},"LelSqqnoStTsJa6Z4Gmh1wKTKy36RZ98ALFWAU8SSHE=":{"valueMac":{"type":"Buffer","data":"CKNnd8xIbJdcnscxKE9V/Om64F1GqVLh8XygNslDdwY="}},"LjIXgiCSOgm7irAX+nPmr+5bHtFdW+bQfjnUIDTIzU0=":{"valueMac":{"type":"Buffer","data":"lKLp1vI53WBcztPImhJdLsK1ft1NyEtpsYVN6NYkaGU="}},"LlZTR9z3U16R/O3RMSvtDpfUL5q57FAn/EZwRc8QT4I=":{"valueMac":{"type":"Buffer","data":"ZnOHIAkBLY7/aA9APe0cY9q8lsfrWnJ1SsAobFcZ8Fc="}},"L3pmv/YJoIgAbqi1Zx/XQgN5lalzJJnNvjvgtVhGezs=":{"valueMac":{"type":"Buffer","data":"GtlLHlNzSsH1HUWVuAJ4+oixSjpRmiqYoVTA02VBLXI="}},"MOQk21ygPeFStO+kSqLguO8VJWSacQbaPdblE8sva8Y=":{"valueMac":{"type":"Buffer","data":"/56ZCmNLr4qWSPndVDFVmWzhYC7V+4Fl4iVXUsWB94s="}},"MQJpM3DzyauP2b0AeG9JNbNkCmNgZLv0hQQsLxRjSqA=":{"valueMac":{"type":"Buffer","data":"M9OdLkq2wdBRQt8CEtmtPimPyTb2Jwx21Y5uIMsYdvc="}},"MReooHa0VdMcC71JdO376xW3lCplZ9i0Bska7vqi7Pg=":{"valueMac":{"type":"Buffer","data":"85jmmqnsTZsi0fBIFXC+KPx4UmreMGWjSZRCE9as+3k="}},"MWP3HNn974x3YjJ9sTIBb4TK0fdRL+pWRx3mg9/l+3A=":{"valueMac":{"type":"Buffer","data":"dsZysQasBLNFmhdzoaRcq27bYlFuu/7stfUFipWOrks="}},"Mdx3nU1jRePX1RJm0NaFqLjHy5lHXbqtS5tjgkjBfiw=":{"valueMac":{"type":"Buffer","data":"wdPSrB08Q/HZjmT9z9f6WHkJaKHdYc51u6VUc7xY4qg="}},"MnF5UgEgE90M4KEJGR/lMXx/VrpvWV6Yf9UWGSzIr6o=":{"valueMac":{"type":"Buffer","data":"HG6YiC9UqUgFMhQkjIUzCnYkOyhvJkJvMztcydofhTY="}},"Mn8NX9yZRha78gL9TUzYKX/wtJ+6Ho7svUzZEzxZP1U=":{"valueMac":{"type":"Buffer","data":"hlE9+3ZRLIGvGXuxK5y1hjYnzwroZ1QL0Y4JBu9sWmY="}},"MqLQGf77znqn1Zc3vSmJWkNRM/L8JjZC80FL+WLBvUg=":{"valueMac":{"type":"Buffer","data":"elO/l0PhAn5f3odhzkAHX+BtE2CVuiT/9Wt16MM+fnA="}},"M6fWIYJ0NIBiYvJnyeBbrzlCL9dwaioSe/UKiDu+PnM=":{"valueMac":{"type":"Buffer","data":"m7QdiydOwoPjSWQam8PssK7OaafR1eN9yT2D4No1oFo="}},"NKINcqdmThW0QVDuAS4nA6nHAiq3RVikK2VXuCyKajs=":{"valueMac":{"type":"Buffer","data":"ja4xHFPJ2wbE4JnCqUqIUv11paDpPWFnhE8XoJ/s9OU="}},"NO5VCQYnYcyBf4w+NwXbfB6xgESbGoFf0h5AcFDJjhk=":{"valueMac":{"type":"Buffer","data":"DJuchlJcKZG3rq6wKOPT9DZXp07PbHiyQOkBqMGHQIQ="}},"NXQMMKp9LIy61kXgQHUtj7hn3T71lQqu4KiP59DexTQ=":{"valueMac":{"type":"Buffer","data":"+6ZWaY0UVosDwWODbFJJW2xmM1v8ky9GZMSGru55JQ4="}},"NZ1lGumodtj1nrN9OB7p9795Ha/h8Z1ynGqsVtfYOB0=":{"valueMac":{"type":"Buffer","data":"f0skmY7ezq7cYJt8CiISuKPaB58BJ17lDLlItuttfQ8="}},"N81sfKAOkG5g8zggFtQDHEKNpdkROfwC+gArPbIi480=":{"valueMac":{"type":"Buffer","data":"NK6KpUyxQRL2nByp5F+JE/INODm7QT2gI/SZ3IHE6KY="}},"OEDkZ2vl/K2S1xDRGsdgEVz2Xsy3Zv2/t5p1LO6zKdM=":{"valueMac":{"type":"Buffer","data":"2OJ/HHrlnh4AJMj1BDteeLvG1ucoyKhe2R+Cc2veri4="}},"OHHF1kZhudoREyFSCSclB8Q3GTzp+nKGjkR4CsCvOvI=":{"valueMac":{"type":"Buffer","data":"PBmKcvwtKRjow7Dm/BW7wB2O4XQWFZVIREVQ9fyi5rs="}},"OhZnGqxsVN0y2mODzxkwuJXRAbG3zBhaCzrIjUJT6Qs=":{"valueMac":{"type":"Buffer","data":"bSNGnn2qQCsbg3HL1lN+dNAFmHWIhg9mrioAKduA5Pk="}},"OicmodukrzUFWny6zJbZUYk8sQsKIByFFjOvun5keRc=":{"valueMac":{"type":"Buffer","data":"KWVHcKpThvI/n9ifNessJEUT089EW3yUNy7uunqDlew="}},"OlsHsH1aGRTGozdh9/kMMgnfqmznyWcCMwM0IzUgHr8=":{"valueMac":{"type":"Buffer","data":"wjca0O5ZwR5hhtAhVIXvtSrFXTAviPidIgKYRMAUNAU="}},"OwCgOEMM6EKYzpTzY8f7bPDsTm467dsN0tgzac/SekE=":{"valueMac":{"type":"Buffer","data":"oYyqHQ0xI0ufJYP6CWS8k62Nk05RGsoMfD72SPAacX0="}},"O587sNqOokDVRZwZrZxYGxvUGk0JKdfIYbdXNo2jgBg=":{"valueMac":{"type":"Buffer","data":"9yhkxtP6inp6fz1ALBnog5fjKD5pwlWcUJ4oueAPPeA="}},"PjejhFup19Y8/zQxgGP4Bw/5jKEAXczyQNY+cD0UFjE=":{"valueMac":{"type":"Buffer","data":"IOpi2chNd8yaavHTxEIPBBQK/q3OeBMSsWQmIto3nXY="}},"PmFzBplhROBiNlTKoutmcbWqEPrOOJMhN+Ig8Ctv7cQ=":{"valueMac":{"type":"Buffer","data":"Jvf8E4vZwFRQMgLFCty0qvPTGXrfCY13f/N/xoMQdjg="}},"PoWE3esWmnSQOtQKcw3e3l3XDdw2PN71lUz+VowiDTc=":{"valueMac":{"type":"Buffer","data":"Va6zTYnkxznB8VOwoAPOS8M+wBLmkL8XragkOjwJpAM="}},"PtGhvdAzH+SWrMIRFfVxLF/OY5mldsE3CjD8PdSHgeA=":{"valueMac":{"type":"Buffer","data":"YB+hSbOMGiSB96//5qQH2TmORDABtBS9P5zghP3k8Oo="}},"QXuAE/ZGd0AJblcWhLGMoNeKoUTRjaxkuBVZuBAnXJs=":{"valueMac":{"type":"Buffer","data":"LGar/S/fSJvM/KBGOGS/gYxSyptc3QepiBRPUv32Okw="}},"QYgJnZ7BN4Ir5SwlURvl+mTHbWmW8AXDNLulPYFPPic=":{"valueMac":{"type":"Buffer","data":"y4wW2pkI7u48oh43jgo+EYaYTSQLXfYtUncxXPLKBGs="}},"QkECaIUVM0crFgf2/ZOQV308gcZt/qsTwmHoiRqsnpk=":{"valueMac":{"type":"Buffer","data":"uwCx71dnc7iOnMUtiyyJ4sMBDQ5LgVpsvGEMZ3lz3jA="}},"QsIOOjpMrB06vNxgLzhm0sleGiVvJwLOmmIu+GWOTYM=":{"valueMac":{"type":"Buffer","data":"ORJUu/PpCcsHvUm216K3yXWnxDIiHyNdsR7rVpbOqEA="}},"QvEFozwCgKyT8uQqVEeeUzl5/Oi3S8MTID9rFjd8i4o=":{"valueMac":{"type":"Buffer","data":"puVNCE9WruXJOVGmfREs9L09qJN0A93vMkiuy/F+0Yw="}},"RCjqR6dzN/e8/6K/XX0elaACZMjd711JGRfAfU6gS4g=":{"valueMac":{"type":"Buffer","data":"ShYxU+LqvO/4c8N/YfqX+kztCbaNwnTiNLmeuPTtSN0="}},"RkIYEQw0uzkcannfDJuEhNOdYagd4e3NZhnEe82+clo=":{"valueMac":{"type":"Buffer","data":"0ikAMSq8WnrY5u62nmwG9+g7fNRP4Wh7Kcc/TmadCFM="}},"Rw9MmxZ3qGFEQ93hZQL1S5dNgFLYI9HtZW80fCQ9REg=":{"valueMac":{"type":"Buffer","data":"XIcFeMxZZFcvu42LFFY7nqNgZZCgg6HCkA4TUTJvfY8="}},"Rz0nicAsEQytou8sywyNv8XSqjSup5ZToaQUeJUUY6A=":{"valueMac":{"type":"Buffer","data":"6Iq3VzQQPpf6ODpWKnfIHFT1yaS72OrW6dTx/TRTkUU="}},"SN/E3iN/249rQuwGq04/GTRjOE2D2Mb468WKQfwAnCM=":{"valueMac":{"type":"Buffer","data":"6OpYViN6LOdw4deWBW7LrApKa/UFGvoBY7QInk/Mw2I="}},"SR0QgC1JL1TAGfhoaDVFu1uba2UKgn8kXV85JF0gWdo=":{"valueMac":{"type":"Buffer","data":"hTFYA3YuVsiGbLxVJt5xZlIHywfdB7GdRxBZyU/XSv4="}},"SgIZx0fv3Q2vD8Or97+BeV1rkfV93mf2DqOQViuZW3Y=":{"valueMac":{"type":"Buffer","data":"zAMzbRYnitOn9rkcfcaaD/o4VvKfjd/0DqI+i8GZmJU="}},"S5MYm4BSvAXgmdwmDJ9E1fAvbp1mvikMUwfJ7xhyCHk=":{"valueMac":{"type":"Buffer","data":"LbcATF3x2pdB2uAsSJ8beqI3SnaSZndPwZQkTSXIXXo="}},"S/ik+RFEveIcmVopFfqyXLJk8onYVRgMUmTG6VZYRwk=":{"valueMac":{"type":"Buffer","data":"Y/uNg5SzamloSFVdXrfSAU5I2bN4jqmIA4QUrIP1org="}},"TMS/Mq8QfJhJcpcU8dy/z+vX+7wQ8EoKkCllFuScfPo=":{"valueMac":{"type":"Buffer","data":"sEA6SzVOzVmnGd+dvxBWBcR1OhVw1kWwtSvcCM8vOMM="}},"TS7tEYJyyCJu7jC7aPqFXHwLJNAxmR090z6YZP9tqjY=":{"valueMac":{"type":"Buffer","data":"i6FDajy2P8iBiOIN4XSAdHJq44qe5wuEz8pR3Z51+uw="}},"TWY7jEMqBJYdM4QRLVDh8EXnePqu8tefL2e2FDz2P/8=":{"valueMac":{"type":"Buffer","data":"/MOPLliFxWsib8Y+wSgnpTUjn0K95CTzIA4hw7DHXnc="}},"T4mzsMfUyiZWj0XNAltnPMCwK+TJ7RHgAwh14m5C0pk=":{"valueMac":{"type":"Buffer","data":"C7ezjnbC2eJ0xWHnTct8yZ7qTY90ShVohC6NougFGj8="}},"UCtI4WmunVCO6fQUE4EnyQm1PivqNApdDFP7OqoL9rw=":{"valueMac":{"type":"Buffer","data":"ZWXZVKX3ItCPod8NbNv9JmYJAYYCgYBiT7e044dq29I="}},"UJpg1Zy4QgmVk9eZXMyBAoebBDa19/jGaSKUiETriYA=":{"valueMac":{"type":"Buffer","data":"pYgxE08P3jhPMmSBQQ5WIx85tDBQwBVco7Hih+1XSXw="}},"UL5+5KI9WptZqRLC9V38FpTvvUhhWlHZCAJZvm4OaII=":{"valueMac":{"type":"Buffer","data":"WrJw7DLYou98xiL5xxEdtwIFJwy5v5GEUam2iIGs7X4="}},"URBXSySFih1vsqprvxwGg2pKnO3GoCvXbnsTUaiWRig=":{"valueMac":{"type":"Buffer","data":"DMry7Zpr5XGKqT/J9iggmAzn4kD3N2YIU+L5QT4w1d4="}},"UXJnTOoM4HXsqMUeWuv6CKcpQsMCI+Bqu0/KNF0rDIg=":{"valueMac":{"type":"Buffer","data":"9eIH/FD1IW6wagxr6vazJvZob5QVRkw8BAuTDs//yuA="}},"UuQYid8iuFd0d2QsftXSz17fMZAnhalMomDTTHifqsE=":{"valueMac":{"type":"Buffer","data":"GR06RVLzEm2MDsnpkr8UscSf1AJglx+tQuzk59jTz8E="}},"VCUBjKJwheGOpMAPalVBXv6kHpwMl3Zg/ArJNG43veg=":{"valueMac":{"type":"Buffer","data":"+J/JlYRPK/XBXsVf3Jyq0i/EOR4igUFWCizDpOLZ1gw="}},"VT1GDBqLRWRUS249fH2bNnCX7z370TvcS3s2nOv0H1k=":{"valueMac":{"type":"Buffer","data":"GFohwi0RmMYSWDv/YjNv9uC5YBOA/bewh1dhTEGuaWQ="}},"VYJGSRoN1QjPz2ta3EDMUVu1ZehagPVxc0VVTWpLeFc=":{"valueMac":{"type":"Buffer","data":"yDOJ2o5Ff9hbLvKWwSzfF/nFCgTUTKmn2soblQPwCd0="}},"Vbp28iD2CWLOcUmALYti7wV0ilaTdzU1HDrZw+5fgGw=":{"valueMac":{"type":"Buffer","data":"rLkam/YoyZ6CvUA/CasHMUFt4A8JoCArp3RRKqiPSrI="}},"VeztUjspisr8WlpFm+zGPVE20wMRj4Qi+VgiF1yc35U=":{"valueMac":{"type":"Buffer","data":"5ATiXUAgsreT3D7hV5Zoh9dp9LTCqgqOOC2ZFwMmYk0="}},"ViGFV03Wq8X64/Q+jKKEP94B0ZoEPCGyKn8Y8SKDxgk=":{"valueMac":{"type":"Buffer","data":"5ibZsYg0M8dZCymDVXP2uFJamlQBXNPHKnQzpOTeunc="}},"VtbS2ww7XrdiOV2sV0FzZwfwtNYkJojoGVHeBXvV6EI=":{"valueMac":{"type":"Buffer","data":"3FcnisrpgSI358nTl51L/fZVXVIA6EO3Gdo+4BQv9Ek="}},"VyDTTc8Qidy4R/cKhNOnHJB2euaMF1l05bTZ05G2+u0=":{"valueMac":{"type":"Buffer","data":"VGS5Bameee8oWE0cRpMtrywrQboFlUI0cPFj4Ij1MYY="}},"V9D99LLxH2CJAL/q/asqsCGKdtxs3/gIoCwSDsYvQlg=":{"valueMac":{"type":"Buffer","data":"7Sme1FTjxBmN9d9bKcDaytBmCV+XKoOF+APjSrFM5UI="}},"WLELOEe97OKtAhhpWVwWBywOipb6E+ex99oLkX1Z1o0=":{"valueMac":{"type":"Buffer","data":"tZ3Bza5a89lPu4njYEHd60xQbbQsZk60yqZmnfio4KM="}},"Wh1s1+WCQkM0Q7X/2Q5+BzrbNdxlKxRWH091wHYPaW0=":{"valueMac":{"type":"Buffer","data":"S88kWV1+I6EIvgg5LnMbMA8GkHWlEFWO1GzeCR6FaZY="}},"WvxAUjqPVEHQOcisw7vyWj0CnRa8BSRH6HozBdGhaTM=":{"valueMac":{"type":"Buffer","data":"H96IwUmYCnchMCGae53NvlDQoNpsDsh0X7XxwtC5QM0="}},"W8pNJPt5pUyO0JlTUahDzHG5eIhk7HtEUJr/f7JBxQk=":{"valueMac":{"type":"Buffer","data":"YFCKX9sMjy08ZXX1G5uhu2KhxX4oeS+fcHUzyDr0SD4="}},"XCwYAEZu79zCCqUXZ9um+XP8FaVBh/se7jCZV5JOelE=":{"valueMac":{"type":"Buffer","data":"rWwh8cUHR6yOCMqMAbtRgCFt3+Vl1J3k/2fDOlZxKHw="}},"XIWm3LVF3d7hjJMofGqQ1BYb/vAkDKd8sPQ1dY1ZJiU=":{"valueMac":{"type":"Buffer","data":"g9T80TalkZ3q66By1w4oG2KVFemXgyHQK1SJfsKfBuw="}},"Xa53Sy2F3ks3Evw03rOyXewRv3uja6BdC2CzRnNly28=":{"valueMac":{"type":"Buffer","data":"iEZvq3z+EtXECx2AmHAdr/sSt2aRs2+YyjO9ZA4a/3U="}},"XiiJXgoo+LgznBgU7mp2B0HNFtmRERIGD9bZ86+Homo=":{"valueMac":{"type":"Buffer","data":"fStTycHGSJxhMnLi09T4aBYu5in2TRS4cqds/DvAh9w="}},"Xk8SOOLuw1cDS6qGkH4iwqyZusVTZ92FPvTxmuzJTeE=":{"valueMac":{"type":"Buffer","data":"Oj/WJwtUQ81EPYPGfjmnQXIKU+8Ei+g0dTHp9o3x0os="}},"X2QNOKaRlNP4+7VRQEqAV+ZLdorlotE1DfPACecrVTM=":{"valueMac":{"type":"Buffer","data":"Cnr8+ZGBuwXR0kfhuoVWiXSWcnVsulQtsJ0Fa1kRVf4="}},"X4IL5oDv8XdLMCxKpQ1hx8z59AChvCxbsPWGClmHKkM=":{"valueMac":{"type":"Buffer","data":"SzjQ2lO8/jQ2a8QEaMpQEvAThhmc1ei8DmzFsw5xyIg="}},"YMG/udc1bB1sWj9/81FVMi+eyeMq8eX1HfgNVYZVO9s=":{"valueMac":{"type":"Buffer","data":"4INsCPQ1zoW/E8JlOpehZ5AUMtDyPyHYApybULJ0sUg="}},"YTEUmDlj1sZIVnnuGF+2tuEEt/GTmYnw/vtbl/jcznw=":{"valueMac":{"type":"Buffer","data":"6jIJsqFEJVPNQXmEfxtJ+O7oZ2+wTueDrvObOh/qJbE="}},"YUPlpcN2/aLNewzWz3pzAvANjxLwKIYvzFQfcuv0Q98=":{"valueMac":{"type":"Buffer","data":"1jGOYZCYX4UCDl7ceUkWjImsgo47V7C1lHiJV0heWeQ="}},"YjIE62H+kVMcnDGbd5oyDsUonw2GE6pw4J/SrokIaxA=":{"valueMac":{"type":"Buffer","data":"xaUqppEYGeso7qUdpYoeRZ9uZ3IAPdtT5gsdU9rpyr0="}},"Y3r0YSoxvsDXnVbkz05zcHJHmAFebZN9EJv+Osfi70k=":{"valueMac":{"type":"Buffer","data":"/xd8kc3k6g2UWgWKNUOQdPEprqzwpAhwjLSmvjjShEs="}},"Y5aBtOiOHMpL+VMLOTCOvW6+WWHNXaddG7eh1Y0jFgM=":{"valueMac":{"type":"Buffer","data":"GHaH1g+3MSs5+Awea6yvHv+o8EBkrP88TLycar3mE+g="}},"ZC/f7Rp1mU6NSjksYkdSFf5Pbq+VrRu+dNCtH/MpBa4=":{"valueMac":{"type":"Buffer","data":"0G8kaS58mAsZmRwsZhlEQiH7YgCGBRaYyw7+DCpVf0E="}},"ZXumPX9zHXci+kR4PqPP1Rrua3ASfpJLK9WEzW2afXc=":{"valueMac":{"type":"Buffer","data":"QPI0x3+I8Ja8kBKpuZ3RLkevR8kobWU3olHV8YyIz6M="}},"Zcc5ZOAyN4Yl4thn7eJYzMbKwPIHP9ElMdnfc/I8mmQ=":{"valueMac":{"type":"Buffer","data":"Dj71NW2sLLCNbMDvkusImkBp9VuCiHaT6getZzo9/Pw="}},"ZeU84qzM8ieWQYrr5C/V8Wha5bkVA6Zgj7gCt2i+zX0=":{"valueMac":{"type":"Buffer","data":"WRIiokFBZH2eTaqbixhK2grrOIHJNIPM8j69ajOOZ78="}},"ZvKVMBvsnoydgEwsCws8fD+qj3hVzRUXPSjoeuzHQBw=":{"valueMac":{"type":"Buffer","data":"rB6jEMIbTxtXD6QLmUYrz0a3OnBnx0bcNskuYLhrO6E="}},"aGJiBYAg3Pxq8X5RH2uBKUCP6U40gztHZclvrPWo8aI=":{"valueMac":{"type":"Buffer","data":"dDmd8oe7xBKZqtNt3x6kyKqyBw2ChnZss/Vjhhx+Vpo="}},"aWBHGa4veA4eM0szDHoI7sb/+y3r4cJycf+puPxaOmU=":{"valueMac":{"type":"Buffer","data":"2s+okC1lOrXVcaW/mK9Ec7FNzMa2EeSa/r2dFzZeyn0="}},"aeBdIETfvHCGYZ/BsMd+51t9MZgl2GT/5MX+t+nRTQ4=":{"valueMac":{"type":"Buffer","data":"hADDyNRADubCvjyrm+YQh/GP5I1Bvz8Nb/F3qF/yBRY="}},"am19xS+ETw+FK1kEfSUtOIdK24KOXIb+R9Id26C4db4=":{"valueMac":{"type":"Buffer","data":"VbgNvrgVN0JE1pk4y1NbYEadp0ZCYs9blpUNkwcgknI="}},"anX5MrUjfWO3UhaxvrkJA21lIsQQBgWMRCaUknoKJLM=":{"valueMac":{"type":"Buffer","data":"yAktN7UrORGEKZLJJQhvLGPdmrLST34DrRgjYSSrKqQ="}},"apFfyvViEBsByOjBIAspWJpMHfqR7JuSDIGBUv1SCHg=":{"valueMac":{"type":"Buffer","data":"rTYvFE0tJ62FLiGAHDrIpBl1nUwfwVITXXb0suEB6bY="}},"a0LxB3xOZbOb6oBCrD25vB+5CUBVtZyqCa7eHKToarA=":{"valueMac":{"type":"Buffer","data":"46jSVbwOCjXjmK5e2J+RS84wfiRv4ml6q453ko98BMs="}},"a7p7LtsEp4aBWKAs8uXJeH1ty2ge2vGME8vF5R2VrG0=":{"valueMac":{"type":"Buffer","data":"EqBiMnlWpuHYD8eNVel2p3fHaaymgKqb12khBo3eIGo="}},"bBKJCPQdkDDnG4XmL7OQBDxZxCpUMXZtDDakpv70Ggg=":{"valueMac":{"type":"Buffer","data":"bsHAs0vNh5gvjWoJuR62VZVeCHgsdsLmRbPUBDyM618="}},"bBPxgE8AqBUH8d6tqHCIIxBe71SB/ddTUK4LRD1EIF8=":{"valueMac":{"type":"Buffer","data":"axZW0RvM87v65f3qugo/Ulq/iJ+gBCVgbJItbdb9HpE="}},"bKHvkzg3lQ/DT+HMxb9OG8EeSnw980LfJKhexC7gSqQ=":{"valueMac":{"type":"Buffer","data":"Sp6lsD6vihpbq9OraXAqTOtNn26t6pDBZvd0GW953k8="}},"bUfPZ/ks29jLbAiRe3DzEIpEZMzZ67YKtBjdwEwjXgs=":{"valueMac":{"type":"Buffer","data":"hYEi4fHGN2LgFnEyCnHcNPImMQBPbx8V0ajCcTRSzFk="}},"bseB4fPPcyVgEYCiPP2T2g7UZilxhv/X40ZjIAcvY8U=":{"valueMac":{"type":"Buffer","data":"JUGwxL9zOw9biZUnAtGUdwNFC8caREpHiGJu3T6mM2c="}},"cKFTZqOvb4m81O3GZ5h83MXIpsi5/tQIgnpeWxlfZT4=":{"valueMac":{"type":"Buffer","data":"Jjjm479g1v9HKs8ypzv3KrYKp9lNfMdyC8ioer3PTGY="}},"cb+hKxQlTPCkUs86EBKd6aCTjCwdcRDUNOGTcJ8kdRw=":{"valueMac":{"type":"Buffer","data":"W9jYHv/31IyNPYTHZ6hJyOw9DFFy6yaQdF7BSItIvEg="}},"cm/c5pUN16QKUaW2/ZSDIYEM8GF65s/UXfijk2zpamo=":{"valueMac":{"type":"Buffer","data":"RT4sO3gVRfy8mo8JbWGbTu3eU3nW5ed3Suq2h5cnNAg="}},"c0JBy8IR1/OijjLqGSM2kuTcEsrOthCNmwGIO4t6OWI=":{"valueMac":{"type":"Buffer","data":"2uOw2doL52rVAwiyFYkv/sB7FLDx2QAsADi45q4ApA4="}},"dOO5CCsAhvDbpPsd+Xv1MGC1ZJicj6OnCOE0xieeLRo=":{"valueMac":{"type":"Buffer","data":"/qE7DiqxqxSJCc73cnAuw7aPXuR0Qmh/AhmAJKqIerY="}},"dPsLfU4B42X2MvZO1lmdw3ZUCI8SHbbTRSBkKu7esJQ=":{"valueMac":{"type":"Buffer","data":"xyX9yOmKbYBdSuOEjDyKJjZq0PuGS4lsIey/59YFD9Q="}},"dX/a9zBpOrghwJg3ieueCy3d0GoBu/ZvFCOahvpG5Cc=":{"valueMac":{"type":"Buffer","data":"Ngq58lXZTj1mKt+773T1dXbJBVCKboGf7jN8RMCRecw="}},"deIWWBt1S5A77e0jK8jxANxBLzULowhUmdWH5FH2e2g=":{"valueMac":{"type":"Buffer","data":"+x6bKWLeW6C6qxdm0SNf2sqyJ2jGNP2D12101r5WAbA="}},"d0cGdE8ydEcleFg7co81wBT5/1Rp91tSx40NFuWqVtk=":{"valueMac":{"type":"Buffer","data":"nkhLoK/oFVbB8C4JMjiZ/jBSmGuEUAqTi+7yH1owKKQ="}},"d7cQQEPoGFpB4xbs4TvGUH2NPfOzwgZT6rqzP+S6PG4=":{"valueMac":{"type":"Buffer","data":"CjXP7yMozgEEP4lbCUEjsbkMsNBO8Rdh2uvknKQaRS4="}},"eLqMEaC/3j7ac89SLveI51/k1jgL23CNnGtr8BLVXek=":{"valueMac":{"type":"Buffer","data":"mQ8EaSDfzU08SNHdX3r4x02AkzolEgyAFpJ0ukYioOQ="}},"ebkkGJvPFfGCUhZWVx7dKa6+VPSG2H7iWpwOdpYSe+o=":{"valueMac":{"type":"Buffer","data":"tYFcyJcCHbK9Y0vibRgDygDOWKcvtcPsHH/xb/vl5CE="}},"ednKLv9osirPjqnj0kMob8mrwTyITa4CfWipWhu4UhU=":{"valueMac":{"type":"Buffer","data":"MN3PzHV1KAdgV7GMAJrgiDZxMF9rXSOZBeb332elD3o="}},"eg8p1Drt8dr7mtO7zAsUp880S/QsUcnF6nV+C7kwFkc=":{"valueMac":{"type":"Buffer","data":"BKrdlmizYvenQjloI1J6bEG1sdDBQeop0j2LRhI5eNk="}},"emk1FmiIZlUhCQ6chE97/dBu22riwS0Y12zBpwMhKhg=":{"valueMac":{"type":"Buffer","data":"Jkg8vY2DOS3y7ViH0R9OcBczzJ2uA8hi8uNQdlXCurk="}},"erRH2n36vISayqDDzdZpN1ZPju5rioo2qCZ0qHKt3B8=":{"valueMac":{"type":"Buffer","data":"CqvbwHottXouMuDeWb0ZF3dhgDbVmWUB15CHIoLngYM="}},"e8gRrH6liXmCkozP/2sKINaKzU5WUJUfG7umZFFNHwE=":{"valueMac":{"type":"Buffer","data":"z8TX9wskYTnWBkptdptLR6Ag9dk/8XPpZlc7zwMYrKw="}},"fS0P3BUqgZoBYQWjuB+OMlcjkrkdGICy98GnHRXQ/V8=":{"valueMac":{"type":"Buffer","data":"BsJ4trwYpWCR7vFyi7z3S1YoIr2Xp0vzRSbgn51OSac="}},"fS9gTEdCRx59R3xbjZMbOBjBeJDVjqlayBrqTAyoKp8=":{"valueMac":{"type":"Buffer","data":"E8r/tg9gQ1C3cYyBlwu+KcfhXAajqAs1jNwvMuP33xY="}},"fcJ6uXWu/sEQwB7uDvKBjZ+lsIdeLHqmIR6L20QjZMA=":{"valueMac":{"type":"Buffer","data":"IQib5XoKKO42NAQMAYLy8rvWsVmqanv8wt6k0/l+A3Q="}},"fg4J90PLfyiv2C9nSX0wyY3mT9QghjwrvYmTCXBf3+g=":{"valueMac":{"type":"Buffer","data":"5ZP+F24WW8SXO3NeSZf3Yfq+E6ePji/hQrRb9CMpMS4="}},"f1IkXBjzCwySYnVKezAxgwgea8dhOFZKnIAbpDZQwxY=":{"valueMac":{"type":"Buffer","data":"Q4hLk+cuemci+atjd/D3I1WCZ0McodxuXmr4gD5OFWQ="}},"gbl0HimMrfIZlQoA4gel+0XtlNkRQnxM8UODIzUufT4=":{"valueMac":{"type":"Buffer","data":"EPOeVUFioLxRwN97sA68Ad5D1z0eKrYurJRCL2QGf9U="}},"gqML8l5E9EeOrf6EQn4spojr0iWxq2AnHWD4d3TGM0k=":{"valueMac":{"type":"Buffer","data":"Hg385N6zrpBSZr+z8ygtFBKqCZ2qIB5lZ2xrR1MSNz8="}},"g02JOzx+M58Jx5P1+eFLqUb9y0cVlgwH57vUb7JJ/z4=":{"valueMac":{"type":"Buffer","data":"KP0YyMU7a8b6zkhVnfQvE8ADZDzZn/yz2jali2gRv4s="}},"g1ZjG0Aozh/5nnYsASdxIiWL/Pgrwf/E2CXKliDp6oI=":{"valueMac":{"type":"Buffer","data":"t8sAwTW8O8pqrvbN14QIN2gti0bQDL2WzRAPeUtJqxI="}},"hIIs7gEe75yAchiUMoCZL+wIzSdD+uAd3y1J15Ln2ak=":{"valueMac":{"type":"Buffer","data":"L8S0sOZUnEHaqS71n7WGqa4NQa1MXeTthxKwpLJjioo="}},"hPu5uIOW7PTECztiEYMultHwN8u8m+g3K9v7p2OnsvQ=":{"valueMac":{"type":"Buffer","data":"k2OpQTOI229FjAuoLJReTDB6AC9qX4NPgX1FSKpEk0k="}},"hVSGsoEoZuUvinoMS84LC1uBVw7U3Ufdnsehw/1b7co=":{"valueMac":{"type":"Buffer","data":"PGHDFYkanjbdvw+dWhevpY7DV98E0INyu3Nli23DoFM="}},"hfeio73d2czjFwKz+rREqDkNUZvFAOx0l2Cld6uGO/s=":{"valueMac":{"type":"Buffer","data":"3HP2fDv98ou12eyiTL3oB1Ti/N7sxNvqQrpRLf50XS4="}},"hlkaoI5ijTSjb+ugRN6fqOaK1wcKmxEOgflIriOF1gg=":{"valueMac":{"type":"Buffer","data":"YYA1JW7Zhv7WnES6S2VFi8BSDp2jv/IoLHQw0/ETAuw="}},"h8NJzAgAwxUP7Xeg4WjW6vuEz3+8K6nEHcENezrsnJA=":{"valueMac":{"type":"Buffer","data":"9YVIn0g0/c1ccebBC/6PxP232YepfZVnEusJU+4Wht4="}},"h9cKOgXlHELxrJ/wO1geKY7ePmI9Y5mDfmyLJyU2fsg=":{"valueMac":{"type":"Buffer","data":"Qof9mFu8uaIeerMVTg/ZtMR9M1sNWNaKEpz5bZ7WMDY="}},"ifbYWe/kh/B3Ai2a05mdjk0SHdBjCGuUbvmXA5/8ZP4=":{"valueMac":{"type":"Buffer","data":"OqHiyvoILElUexWOYPa9ve4KvVtM0L7w0SeDUQa1aH0="}},"igkbOFdVPv6+pj6eeOLBV9Npu94ELnIUG73dbe1DPUI=":{"valueMac":{"type":"Buffer","data":"cZt8KhmsPWuEZX2DYoMUrMfVh+kpKD1QQabRbMeLym0="}},"ileiaL63mI0dGTb/daWL/ak0FURw7Mw56tC0lRrG6XU=":{"valueMac":{"type":"Buffer","data":"unPM8A4o9vWMkp6uIEZegnylxMe7qdH/KmGSg2JP1JU="}},"itwJo3GrBgogGwOjt1FFtQCfgd3++WXGKuPXA0TuKxE=":{"valueMac":{"type":"Buffer","data":"Gjnsy0oLtzn3BR74jSZ6nQW7ArlGidPCaqKnFkI+VSk="}},"i7Pay5lXELGmz3qMmT4V8adb+c/5qU4JxZ1ah9IZ/A0=":{"valueMac":{"type":"Buffer","data":"Tw1GFE8BhXlo2tnSq/FK5SGPDW0P0TH0Jti6XjUjs7E="}},"jC/0G40vNow9BWOqxIELeeNtGX0P2BUDZXVxGl2KzC4=":{"valueMac":{"type":"Buffer","data":"v77/G7UexYXLOhIjpcx5vWweHxREUd1+7DweqQ7Dhas="}},"jGm3dgTCN2LHw8TKQI+uwBcv7cpIO+/hgdPzYkxU660=":{"valueMac":{"type":"Buffer","data":"D5wOosY+2743DDJE5XEyrIqqqqWo6oXpdihqgz4f3eE="}},"jOuZEhXG1Ctlw66vnbqJcbFiLiLGwPONsfJ0lE9Dwvk=":{"valueMac":{"type":"Buffer","data":"/U1B3DQ3R99E8QzGrAx1kgd0Kvxt4ArVh4q7vxMIzVo="}},"jTqu5xXG0tAVltdLub7mMkKfBhPIpbjIGvXgpzgumxQ=":{"valueMac":{"type":"Buffer","data":"63L7d4uVbM/MMFaq486I/nHyA735DOLlNL9MCGEnzbM="}},"jYRdw1+Gl4FMMW426Om8r1rzkByK7uefdnY4tW4p1GY=":{"valueMac":{"type":"Buffer","data":"vTJl+7GyMnatY2ONWHAWoJRCHHq/bxrg1dnIfTJoYts="}},"jcT+WdOEiQ1gWlZKLRFYdkPj8kc4C7j1LJBGNjf6ICk=":{"valueMac":{"type":"Buffer","data":"aTWxahNeG4LQBQzFwVeRtTrLaf5e9JTKjiZlZBKYC/Y="}},"jxzh/Zmz71lGMDeeVTBBwjxRPliMMUQepT4uYLDlgVo=":{"valueMac":{"type":"Buffer","data":"HLl7SgHEa2jrz9mVQs/69AF2KoUr4XKySoPclZg5ijs="}},"j9oZH0n1iNyxGTX4qTzkkohxPXw/ItNc8Op2tKGa2bs=":{"valueMac":{"type":"Buffer","data":"r7sB3wvtcDjgZfKHGUr6wBx7IqmDV5tOJXeQvXywAAw="}},"kMXOnp/FcRxMtzTYUBPZ+Qb4uNWs0ygZOMWDI9LLReU=":{"valueMac":{"type":"Buffer","data":"OXyTIhrCXI8fzWJb3cPPa8LY5b/tx/HlY2icPoCgQEo="}},"kVPsJXWmL0/R+oJiT8a90GFi+jrMD0GO2mNuuad6kh4=":{"valueMac":{"type":"Buffer","data":"MGOYoOi4PK6OsX1/Ba5q58bKf11H81MkWvW2tbMqQ+Y="}},"klLuCRTeMqDuE/BwQw3tmgwwq0NxGyLIjgRsc3tBzaI=":{"valueMac":{"type":"Buffer","data":"ruZVvq3LzEfu5jnF1FaL36FpaopW1zAVgXe4/+yL/RE="}},"lbYryO8OyawW7EFt2sjZwUK3vsW+fHQHVPssE31ywi0=":{"valueMac":{"type":"Buffer","data":"mc2Fq4SzJzhit3F6YIBNGghOBYSRaeZXQAG9Ue0y2gI="}},"lxcOhJTHjtx833MtB68eHB7bHi9nIoYGbJDQBIFZ+bs=":{"valueMac":{"type":"Buffer","data":"wOfdXiW8Ntb5Tx+PrXHM9C24GcnPEGE7PbCR8owhY1U="}},"l52uvwiZVohaSjqxdCQkFwBKJ5MoQCkScIKLf76vkYA=":{"valueMac":{"type":"Buffer","data":"Sb6S2YjrEkNgyYrG7TQtp7i0WU0Os8WmGLWOi+LDDbU="}},"l7F7wSufgy+5yrORsJ4HeurZes0VY3Ww4AwZoDJHXhA=":{"valueMac":{"type":"Buffer","data":"sXbywqxgG4zclafF961DxKUGcfO1cR1BQsgDQI5g3nc="}},"mEivumvMcRRnk5814WiGGXNrmQKFPvLqpk0F/H6+mho=":{"valueMac":{"type":"Buffer","data":"yRKsEdRsO7CBTBkPMAJS+pD9JB/16eqUwffbcqKquRs="}},"mKEpp1v4YZfTONC0TsZYUWw8F3jYyYNvq8yAiZbSXIQ=":{"valueMac":{"type":"Buffer","data":"zUQoyWMRp+lczcY+ZlC09A2BCR1JTxpl74ZI1HreSdo="}},"mMrzHLXzbCSTZ6+iwbWc1+13ndNAy/JYgsARc0NeU9U=":{"valueMac":{"type":"Buffer","data":"tgYn26fzgINvHnWga1Wjb2Wc1Ymg9g5SY4TJwuk0ZDk="}},"mQ5B1EwM3Q4wQdPDabcpmkjNV15VRS7mkWKNZxd+krY=":{"valueMac":{"type":"Buffer","data":"aQTHBjZ80x5aFgu1yGWMpJbMjlobI5qZeYS374HEEhQ="}},"mVR4hE/KJpAUD2TVL3mjLNc2+ql7g4nlA3xr7b4tzqY=":{"valueMac":{"type":"Buffer","data":"E4Q77eiTuR20Ees41yZ4R6KR8knGQerKS9uTtwU/vrw="}},"mWB6J7Ums9YfME1xHZLiDSl/JmcaWki8GsY3PECTM10=":{"valueMac":{"type":"Buffer","data":"ktA39y+Ybo4HlW+0Wp3IpAoR9wBt97OQOtFOpUDZZfc="}},"mxdH8AJY4bnm/KvUHh2Dqiw2bdSHhIMqlq/pjQJSEgI=":{"valueMac":{"type":"Buffer","data":"EMN+7ly4+qwAXAY3BHDh8uYiiySNCct+BWeOygcaXDo="}},"m0heaL79QLmTrDxZWGijc8VGyie4wNJTq8wtnXGerew=":{"valueMac":{"type":"Buffer","data":"yzqWb/IVm7Vhi0+/sEP6ZeFdZLrV2jDEBvm/Jq3yzQ4="}},"m02sV6Iqxxw21mfl2M9hdvuAbwh4oSoJ1cM5PE9abAQ=":{"valueMac":{"type":"Buffer","data":"lrLx3hGo/bpjRUGJlSDPcGiIqBdoGIFxW934I6ejStM="}},"nJRIyg//Q7hQCV9cFb9rtVa6DWr6tm6lZJyfvXZ+jGI=":{"valueMac":{"type":"Buffer","data":"tiuXeLdEYmm8DeNAC0Y1LFs9J+9tIw1Suz3cmlrlvw8="}},"nwBIsuf6nypWtENi/mhKDKmjCgnUK1PHcQbiTUUNHmc=":{"valueMac":{"type":"Buffer","data":"AqbjXcSOoGz+nqzIwHinxbE+O+ROnT2uE9cICbtCwsA="}},"oF1guXYPKZZ/E5Xy3RMJe0tK6XQUWfJ4z1OHbaYXPoM=":{"valueMac":{"type":"Buffer","data":"Hm2vQp97akBoQFNuB7wkpxsmOhwx+z/O63vrhg3YrhQ="}},"oUVhcbJxrLTDLJldkLk+lLfgnAwbzSAeFGN6VUH9xOg=":{"valueMac":{"type":"Buffer","data":"Txxzrf7jkXCRy3bc0L4fAIF2qArAmORx7XrCCC0AIp8="}},"ohpvvbMKDw+arQxXb5Ul8G1ZXMZAquaiQvWhfzghCJM=":{"valueMac":{"type":"Buffer","data":"miAYVcxU5+Nh+1jBWZTUIrqV2gFSN4HXgf06lkJJkrs="}},"orQ4K1GhLWtVuFbWR5+hFXsx7q5rtmQCRZ6rVccojuY=":{"valueMac":{"type":"Buffer","data":"98GOzzxbKbTN4+71ZYT1epAsxFSdjPneWqvq2gLRZDY="}},"or/kmJbgQNxVMD73s1BvRINWbm7vfpVgeYbeY3LelMU=":{"valueMac":{"type":"Buffer","data":"lXSjANU2a7dFG/Zabagk0jNQMWHL8LSsuM1XENBkD9I="}},"os+6cmghysbdxN1McLbhfu0LPJIrb1WyR+X469MYKb0=":{"valueMac":{"type":"Buffer","data":"5qHKWNuRX3r77pF44G6Gcbma4CxGxZDDvnMvtgx73U8="}},"o1SQqVc/UA3HGdrcXeic8Sgdl1aT5Ls66HSRr9XWJJc=":{"valueMac":{"type":"Buffer","data":"zukDVk5JBGExeuP0r4vGYAXWamNFLy5m4hl6XiOLo80="}},"pBEjsmleXqKZwi/J/yt4GxE1bWMfZzaAIVk7SBn775Y=":{"valueMac":{"type":"Buffer","data":"ONivOh4EGYJQVReOlLQomVBGsIPtY6aBvw7mGHACmp8="}},"pBX+FUOTbX950uOdmAPvc3kFtB35d+zUdCLmZUyf28c=":{"valueMac":{"type":"Buffer","data":"ZH2OWHaMM/ZItrgUGaMWSLrvOCAwq9lCfBdPo36A8sU="}},"pMX3YKsGTuMuOJQQc9vf/N+o7uNqGSlfmLGEiYayX+M=":{"valueMac":{"type":"Buffer","data":"VF0GkRxy46IhABSciPo4Xgm4e6hC9dmrEwKW9iiyzGo="}},"pYU8fTYRC1vG9WOnmaoDjNXgr4tLpa3tTqkPpFXgE3I=":{"valueMac":{"type":"Buffer","data":"5r4Az/a8NCUM9DmM3fUBjzCe2jUeqATdRnc4bbh7elM="}},"pdE7cpdRsTe5X5HfkH4LxFJbgpiSecbWMIkMdzlbDhE=":{"valueMac":{"type":"Buffer","data":"BcSrKbWYyLXJk5kE2K0VvjvtShJ3uUj8KFzZGg43ETk="}},"pr81T+ZQJ2/BG6PxzYDJSW2NAB0Kx5Y+cY3yP8Dw0MM=":{"valueMac":{"type":"Buffer","data":"ByWUxHFrFlFln64gYPt6jWKewBmO6dpl8c76O63LTuM="}},"py9sgdMj2gpBtxCN8rTJcpKeMtgaEJBcjXTSsel2KlU=":{"valueMac":{"type":"Buffer","data":"0MINsHObeDMEJgmF2ZOgf8SHRnxCmykFOHMj6LCuuIo="}},"p2lhnPx6xPou0yp9XUeu2FPyYyx2P+xz/s1AS6ltX2E=":{"valueMac":{"type":"Buffer","data":"ja8WZFKl207ksningZ5FaaBdEGbQhooTIpntn6LfpcY="}},"p3nyP075FGc8rq4uYeE7/9rWPl5In3tGxKBRCuTtCzs=":{"valueMac":{"type":"Buffer","data":"EUKiWmqVKi36cRCX6eCxxGlJ/4BKk/JMqoHYttz2TkY="}},"p6LusV0++MJGF3RJW2VXIcSiMFL8BcrfuSAE+xecdT8=":{"valueMac":{"type":"Buffer","data":"EoK3epYSbR0Ax8/tSpIC0ZTBydklb/KIX5Z5xlATjkQ="}},"p9AcYubd5BZkO/kJ/P12bOtzWVSqCPviVdCLE9uF2XM=":{"valueMac":{"type":"Buffer","data":"+9VMhFII4D2fLcxtaNZ55qJFMKADPviR4BvYS/ZkQIw="}},"qBGaIzq+aPR8ceghP26rGZ9f1iQkloIjvuECCLZbzKo=":{"valueMac":{"type":"Buffer","data":"Ea9Ohuu/SEAjdCGuqcq1rkn/2fKCLNnGxXN1+i5s+kg="}},"qCyvQPlPBJ4tRxiGabD4E+n9y2iV5r3CUeVjG43RCUw=":{"valueMac":{"type":"Buffer","data":"AUrrstul0my4z9eOP6Vov+JEU4L4qN18QJtvzi+C6NU="}},"qUzCJHqolJmPkcOgn4C+nGD4IDrlu0dwvC9/yRayS7U=":{"valueMac":{"type":"Buffer","data":"9yhg5u/Mz6K5TAL4Dm/mZTScJWXIwFerMC7cYr6XNPM="}},"qZAyLfuORGj9IkgaJz3J4me1mr5P1dOwfzpwh/L5KBE=":{"valueMac":{"type":"Buffer","data":"1vuac8yzFBTDXNdSd+dQMnQ+yI2o9j+vvphRGuVu+/k="}},"qh5E+/Xc8miv/3PkPLudPTOzLSS/OyRxh/CTEMWeJFI=":{"valueMac":{"type":"Buffer","data":"0XF8WOaxfAdchH7IInOOLNnBoGywIh80E1hmrEmX5ZE="}},"qwLAHBzOFmkBFdo0JvPmrp/+bIwrhHEw3Dlj6Vad4Qg=":{"valueMac":{"type":"Buffer","data":"SByX8zzimQJe6ooQWCgAXv4pveVjAmXNWrY3/uZar8g="}},"rQ8xENpIYM9mAvcqCfmxYKJ88GeY2zskkVPMZIJe01o=":{"valueMac":{"type":"Buffer","data":"4pf8IaaA9Xs5L25UyTDtend0/eaxJL5TM6bTID4MBS8="}},"rjb8UyESuv+FHMcGYCthxCUGoLQ6WGuhOaM7tLM0hgU=":{"valueMac":{"type":"Buffer","data":"wDaIXPBFxmYx0m8EmfbRc5pmDxYUwxYFQ567bwPhntI="}},"rnFGp96FZ8Vfd7mStegysAW/VwyLbSytHd4yAiBkOg8=":{"valueMac":{"type":"Buffer","data":"pzYyoVqKSFrhkpgw4eMx+Hnj8/84j/BKjqiAJvfmaog="}},"rtPJFGB+HfG1LXol2t8v0tF3EsYeOlmNZieVj2AlENg=":{"valueMac":{"type":"Buffer","data":"kQU4stKdENFzoJVMy5wZe0SAQf1lHykJrGVcfFSM/SU="}},"rxociU9KDSqMfMtqAmE2XRu0u2uoTB7nQm1v6d0kb38=":{"valueMac":{"type":"Buffer","data":"1N01I6xAQtZO6Nx+Ox4D8xeY1zWXGk0/8BDgD3/aBgc="}},"r22wsee+MVWcn5nEslvn5ymzryYuVLUuafybtXe22Jg=":{"valueMac":{"type":"Buffer","data":"A7fKJDH5CUtk6jRilq9927RPT1ag/0szeFp6VZNigUs="}},"r/wpqIp6pt8k6n4k+vBt3efQ8rSrsIEBP6QYCkUbkNU=":{"valueMac":{"type":"Buffer","data":"pZGBwzvGwm1SQvWGusmdt0fgyeGKsngyRB55bB+Zmdw="}},"sHzU/JKeA2XzHuIDN2kCg2/yvBeOdaZD0f3vnRENjqM=":{"valueMac":{"type":"Buffer","data":"jxTKrKGydcGrGIoMSms9iC8JF57yakTq4A6NiDTtUAk="}},"sJwBdZgR8yOB29nnTBt8mZ00lwd4vWAnixV9L0cweTw=":{"valueMac":{"type":"Buffer","data":"xPoECrbc+z0IiznfjEJho7CQr7jgFSCGiEc3Kx+8Dcw="}},"sMNhK6SQPjSyKcATPAIAJAaMXsGXi6/lI3Sot/mzen4=":{"valueMac":{"type":"Buffer","data":"tw01S1qho3G+QMQ9SQsIfmTXkPVZ/uBCuBzTlFM95Uw="}},"sOqseXqc3a6m4m1U0G+0soY7ukRffOoGat9cDIc3fiI=":{"valueMac":{"type":"Buffer","data":"830e0kmd8vpf/8c8v5Lr5AlPYSxvrP3UiFKIO3jOxd0="}},"sQuEoDirdVNT1ijcKnehNG/MB6gfVsovuHnfIS486zc=":{"valueMac":{"type":"Buffer","data":"eR/sUZlQVV/ai0seGRTRgSQRbgaqpEyUCscZqEJXUHs="}},"tcKmduMFDPa4Ll8AJrXzBHMDx+o6Gckx7gGsj3bGpAA=":{"valueMac":{"type":"Buffer","data":"zrTt7v+uy0mPgvpK6L3740zB+Z7W1riWoOf873bTntE="}},"tfO+RSmSDkrfQxcEgqNsNiVh/NlfmVqFJhGt85Vwii8=":{"valueMac":{"type":"Buffer","data":"1xns3SNTYqCzAWUtrerVQClVLVV8rl/zM5PlcoaOOh0="}},"tfheDa99F3vvhIZj5xq/SPz3YpgLG5gZMno5c9CNvN0=":{"valueMac":{"type":"Buffer","data":"n1AG3GJkeaKalpafMUEFirmib4oO8FET76iAWmDzvvo="}},"ttCPv3EDdwzUQahdRbCIa3d1L6DQTSYuHh6JFi04dR4=":{"valueMac":{"type":"Buffer","data":"aMuJT9X69X4HCEhyq1pgjz58oqFfKl4tA7HRs6w5bEg="}},"t1SRST5fbW+/G4YKxLKLa7GXXVfpF8CSpzgFTUn3PiI=":{"valueMac":{"type":"Buffer","data":"uyhnqoN0eTLdpR5FJAZwXEjzsLTSNKE4ZA4CIe+U64U="}},"t4wPe0OQp89SNXCc5MxOD16Ij/oQ05fkue5OE84qxjg=":{"valueMac":{"type":"Buffer","data":"Y1Xyy81CbUk+UZX28ZAmALcuFhd75a/UDlrT7xxdVSs="}},"uBIh1CO6VAqig6gFo1Me78HpzOhtTRCasqta0xXISy4=":{"valueMac":{"type":"Buffer","data":"IvqkGtrOSSg9sps8JMwf3X4kmPmFDSpmdAmULg4gKyQ="}},"ubL8HhYQlamtJM+88xnDCdj7vkmPohWkyY5Llep9Skg=":{"valueMac":{"type":"Buffer","data":"aqazY14WzTeYOIo5pLvhnQBWwgluRbj5l5Jrgt1QaOg="}},"uj/ti79T4hhcASa1T8qBgFsZgc39WxATKy1KHspumVo=":{"valueMac":{"type":"Buffer","data":"OVh+zccufpm7BbLjxlo279RHIxGHA5jg53Dc/AOKFKY="}},"usr9rNJgK412XVqjRvtBAImW22ZhbwrX2LLqCTs/JqQ=":{"valueMac":{"type":"Buffer","data":"u6h2CsLTXOrnYSmlOMfVWjhxk8Pdk2wepzCaYcCw0yc="}},"uwh4uq2BZ+zZY04vBb+g1slec2sA2n+6u8Rlsk/H7v0=":{"valueMac":{"type":"Buffer","data":"lQtSNCuYeJ2oYzrHV+UBEsDFd69V4j1mPtucpqsqhmM="}},"uxhcZgLt2L5Rf4kVAo7O1/dPBI11JznD7uoZ2gPZYlM=":{"valueMac":{"type":"Buffer","data":"7XrZOEaZ/63LjDoZj2MYE2UEOraiD0gTUE8pm/r3qrg="}},"vAGyIujT9HBQ9TGOYKgVNlpX0ZT9F0bOWxcYUuUGHqg=":{"valueMac":{"type":"Buffer","data":"B/cPuDmgo5iVp6YEUEMtTQ/jcTTnCpfrEGtZMJwWX6c="}},"vMVQxpf5sG5NvcylI6IiEBznOrFtJhgJxjDyBvCIYWs=":{"valueMac":{"type":"Buffer","data":"Yp0LmHFEbwotUmi+KfPee8nSdCATTEOhb+5thSnsqYg="}},"veP7uRSb8P2ZV2ZwLq65QzkYyNJzflZIsud56Y96xg0=":{"valueMac":{"type":"Buffer","data":"r5f0FcMiRBtIxY2gnZAlv8+AUiNCtmn3Y659LuoDY5E="}},"vjug2Bsvk2/eQcngXdUdyrGSam0ZW8zZFcfMwsGh+HE=":{"valueMac":{"type":"Buffer","data":"xexqM55kjta4h4p5uQ1m6LeZlwolFHhJXaTAykkEyMc="}},"voxc2CdrxaCTOdKDsWd121cHp9QcaFf1OYA3wwib4qc=":{"valueMac":{"type":"Buffer","data":"uyclQl/aExIQWW58Ud/RaVW8hgzvY6jQUXy2c8jXhkU="}},"vszvWVQ0RNVM126hruoKjEPbbyu+ncxQ8nZsV0aMgUQ=":{"valueMac":{"type":"Buffer","data":"Mwf4Ah/BxALc03COVapVRAqH00dlST2wS8wK+4yz5jI="}},"vtV38HI+81gQuEN9qMN4YMvH7JcSQgIusDsfuBYZvkQ=":{"valueMac":{"type":"Buffer","data":"aKytHJM/N+vfMJzJ9odARVqSHuocUKpGi9hkeC2df1E="}},"wF8si5n0uCBlAZBe4wriFZLYdGdTA0N/7x/4TF57EqM=":{"valueMac":{"type":"Buffer","data":"EJ1LohlGiRLSGqoj8Gk1QtdhezLquDuA+kxILQLb33Q="}},"wIsxalB1gcZ5PKL5YhcOpv/xeJZl1lpaNGcA8CXm/Uk=":{"valueMac":{"type":"Buffer","data":"tkIV3qYMhRG2Vvt0UBXAhUWVwVj4JYdOdZBtkr6/mbE="}},"wJa8RfjpoYOo2Gbx49e3MjtWP90idkEHQj3kliG4kHA=":{"valueMac":{"type":"Buffer","data":"87ADL0GL9Sa4re7ksMU9cY8Frbv/7Kklt86RF8DHTx0="}},"wLixw7wlntpr5J45epSWWLNVMo87mqdXk/ktpoiGdNQ=":{"valueMac":{"type":"Buffer","data":"exTDXH6MQDuPG68Gq9RiufmZyGYUU5IRgkx5iBzSqCg="}},"wMJJ5hMciBwloR3DdHnroBqUfNSGpASBf9tFSCN3O+8=":{"valueMac":{"type":"Buffer","data":"/cHW2NQ9+2N7I7X2nuhWBMir02LmXeTZJQImRgnTE04="}},"wbqWXGdtE0ppQ1WYuNx3Cl1y3nLxOjwWyvPIhU6QqI0=":{"valueMac":{"type":"Buffer","data":"1efJo7GLNwMu6QpsI6jkfxTQjuuwaoznR6mFVJiiyL0="}},"we3UWHp/5nuH12tqajS174Au+5hTbW3+NeOuC9vqBS0=":{"valueMac":{"type":"Buffer","data":"jWwEAgPD1LqdvgLbEtr56ZNtFJUkaZvZck3yEJECK44="}},"witJDK5rVKvlc0mK0rjnW6mFfMwV2fufz8ySiX1TqC0=":{"valueMac":{"type":"Buffer","data":"alH5Ymvkft8KMW9dNjil5ZKgMjvMwdib9C1JgQmnBdY="}},"wpD4lbqbGynWBnRx8vmcl2qyMwqC07GksplwbVZuCp4=":{"valueMac":{"type":"Buffer","data":"LL2R362YUUIBIOeTetZxuxyBYhjWzHgb/vOrD5J6rI8="}},"w28Yz6lN90pS+WYlK33GRzevQgmINpgxy8dslCBsIC0=":{"valueMac":{"type":"Buffer","data":"JpCHzJlid2b3RdokBSAt7I2DFnwPxgA5mVJAFlp9n+s="}},"w6lBQTkWxkuCGk9zIuNsKxRlrO6fe9ih4lKv+ypf2kA=":{"valueMac":{"type":"Buffer","data":"8A7EoLKVUT6eHYsBO66YGmwHymaPn4h64ycLd/Fte3o="}},"xFPNaLv35XlJg0KHxWdK8lfVpbYtw3zZ9/h3z/sOYd0=":{"valueMac":{"type":"Buffer","data":"+XDTYtVdYTGhk+v/dMdeCFX9RzR0KktCBKyLvrTzXHk="}},"xNpPlJ2yuR8jJeUrW/AVpvuniWWppg5OyDNVbDF3Vvo=":{"valueMac":{"type":"Buffer","data":"n/ROrPSHXPnwFmJ0ZdGXZRJz21CdRLK1Jy11LHgVOEw="}},"xUZy6ZPqIKy9QZ4R7yDvP275kAMpKyZOY5F0w8SE/mc=":{"valueMac":{"type":"Buffer","data":"5giJO2TxKK8l+0xQojvVOHIl27A4oFW6N8IFI+tJZWQ="}},"xW6WcZYpIEZq04bCxG3H+cBWyqx810BjE7GxO7cPMBQ=":{"valueMac":{"type":"Buffer","data":"7L67JbnBNwzn4xa7CsiA3w5Qy48hegPU0DQN3FRXKKw="}},"xlamizPDVxQ6ecacCTpGvMeN0dGU/3/+i3Iu7O/8cZw=":{"valueMac":{"type":"Buffer","data":"YbipqIbF6EjVNbL1cLwzE6Z5SlIcd9T9MzlhtMm4k5A="}},"xvQWDgHzFokcA0uIXMqG4gNDCi8wXoZkStgqjFo1U5s=":{"valueMac":{"type":"Buffer","data":"j3oifHY5nW4N+EgcB9RoR3RKXmGnVRYx/TonLd9d9+w="}},"x7NUg8huxpLN4OflycsZOqlBdole5cqncNXr2Daxj74=":{"valueMac":{"type":"Buffer","data":"sT6+RvEa04Pli/+RnNpNBvHJ1/x/vXQL45Jk65vLLEM="}},"yRK5xr1BH2wi7OYpZuRldAOf9k+JSyyqkv8TY2Rs3cg=":{"valueMac":{"type":"Buffer","data":"aPka+bf9Dy3JEU9NiKdWau5GkIAYuyCs/v7l2t3Z/Yc="}},"yX0wyqUT4oQq6uyMsfq9jBWmdm5QbTElQbG9O9cKxQI=":{"valueMac":{"type":"Buffer","data":"XqIntD/LTvgUC5kRXxGGgN1BIzB2fM/xQ0Zpx9bQwJ8="}},"ybkT1Gz0EY6Y5ZCK+aaMMdlW2UqTgf+MReWdfbYCEKA=":{"valueMac":{"type":"Buffer","data":"4ou1Nmm3Dn889I53ui3aQS+J2gIpBwi3DBcjEGZP5bA="}},"yj94vdy9bFBSF2g0dOHrNCeRy7kzr7v+T6MixLQQs5w=":{"valueMac":{"type":"Buffer","data":"v12z9U2MyfY6//I8t6OFEeWbRAl2uUHlMhnz8lbNs+I="}},"ylpJ/mrvlJyGC/YPtdfdOYgxDZWLW8HrAPy93jsb3IM=":{"valueMac":{"type":"Buffer","data":"6Gw+hSIK1bRjbuyVzdaBa1dyJ3ciSOPLACxJAvbFZms="}},"yqndHm7UefWaZqo1oVlTvqgF5i+LQRRGuB2j4PLX6ok=":{"valueMac":{"type":"Buffer","data":"YlSqIJES5B/EJvW1O9prJ9C606aVygtCiuCjUEk7QD4="}},"ytlCpVdXaxJsCy1t2dxE4WrPYJys+aM1JGF4997BxoI=":{"valueMac":{"type":"Buffer","data":"7VYZTETgiZye4rFz5/Yl6dLnZVqd74ijrvcsEzfvxRw="}},"yys8JhkXuF9Df/FtTL6GHGA/XUSKlQZg1dS+yWA2ekw=":{"valueMac":{"type":"Buffer","data":"NEy+RVsbj7Df4cLpwWlZJd3bQ/CD1fnKlKDbBNu9B/A="}},"zMfM7zsNbLY2pVV66vfIAiCJT3vs7VyQ+iehksDDV7g=":{"valueMac":{"type":"Buffer","data":"alIBq20iIi95Rmtxj0bWN6TMeHiC5+HrJk3nFFJmWVw="}},"zNBsy8WlAKZ1NDk78ybBqFzTA8UsDgBxPVbG/CEVzXg=":{"valueMac":{"type":"Buffer","data":"P/M2S16jjHeTCFw9F/NSE/jSmp5U1fPG8uGbEoHOpmU="}},"zzz/hwIu8OfoUgE7WaWAOVfWsNqNBsREyk/ewI5UpiY=":{"valueMac":{"type":"Buffer","data":"nnLKaY2gf1VlnnWX8CaVQiMtDpEq8Jw9FAwvEvWOEME="}},"z2sI9+nKFhPUtXfDSDDTBkLVjxPt+QfwNGhoUDfoE+0=":{"valueMac":{"type":"Buffer","data":"oOEz56LThBirCfE1UOCACeSR++bGjWXz4nVFJrjvqIo="}},"0EUyJlbLKAKL2FuHma/8y7LFbM49mishK1/zu2q+q3c=":{"valueMac":{"type":"Buffer","data":"K2wokLNvveQLiMzGrGJfUW2lk1BBCwnVw9p76sTTbsY="}},"0I+uJ1y/A7Apt1/rAz+7PjkxPA1MKotkwDuaJNbJ2Nk=":{"valueMac":{"type":"Buffer","data":"P6ps40//vZErQaR1xAugmFzDfaIcyYcsPOK3jUR0UJo="}},"0ShYWzT6HJD2yFnMbxmzPwxim3Tuqgm7LtGDHqHACCc=":{"valueMac":{"type":"Buffer","data":"/wdwhuMKOXwrjn1ClS3AF/Jq7KWJczUkBA5LtENPneE="}},"0dGBcM9HTvSNvkuBsHMHlF/FCgDcAWeK0+4cB3hUM/E=":{"valueMac":{"type":"Buffer","data":"/jDVKHli4vyXAx98KrA6JOj3PMDS+zOoHgPIVVNgLv4="}},"0o785+ej/I0PXYWpqMjLCDijPURdBP2ubpzFA6sayyQ=":{"valueMac":{"type":"Buffer","data":"+JuaxTcmazpShBpXqZ8OcBzTeQUCUhnLqzZ4ZuOe6y4="}},"0slI2OmTmoUN0mYYPEZebHVoxndUqDq8dPWsQ4j5Goc=":{"valueMac":{"type":"Buffer","data":"Aexd/64OiegGAm58ZpDFqFrE/xmQQ60WyLqog46z/PI="}},"0vMUjNED2cDBfr+Ufqv66gCFNKFovB4xV64YyriO7nA=":{"valueMac":{"type":"Buffer","data":"PI3mFt3ylxmuFWBTe0MVYSBcjgq6ttgdMptgynLGJjk="}},"1AMFsXi+0kNA9QlZnfBnKKv+2/ZsyNHMGrrXgd0bBfU=":{"valueMac":{"type":"Buffer","data":"3sJQh3g3ckc/9Yu5wg70I/Fd3EOSz/OvvAdI3rpq4wI="}},"1adKiERU4zm6dxpyt7jz8lWs76CBihpC/Nq+5HjR+bQ=":{"valueMac":{"type":"Buffer","data":"YK+5yJj6f7yyZ49Wh8aldE7WOJlv5U3KZkpQMS39V24="}},"13OSfeJQ+ogFZADjb94ykf4cIjdsvU5VnsWEEM18o2k=":{"valueMac":{"type":"Buffer","data":"C5nlZ/yVL15qtaxkxAg1ii2Pd5Zh9x2SqxYmkGuo+nc="}},"14M2iF8mcQ8nByDISii3X9JfLCrBkrh6l6ZNuCQUQkY=":{"valueMac":{"type":"Buffer","data":"fK+OReBqLjlVY2JrWOlFa9DeAWKY/zdXXhXp+64HUBk="}},"149BiRoBFgEBriOgVg4Nn3ZlLgplTkLsfOqy+wTVBOg=":{"valueMac":{"type":"Buffer","data":"MMg2MAVPeK1FsSmze4nwu0Tu7pytALqechKFcgThFB0="}},"19o3XyTiuu0Og9jehPN/fygzBj+iZdC8y51YaSiGELA=":{"valueMac":{"type":"Buffer","data":"F6LZD3XW6QJAOseCD7JVJSKuJaGgxV+idqEGwj58UkM="}},"2D+Y/Li4/p8nnQgH9K6MKeFNrag6AbGKzr7PfWTLFH0=":{"valueMac":{"type":"Buffer","data":"rp0HNHYCLsd4Gjz5m+sPI4+RiRfIsTEDG8qeXNXU5bU="}},"2JkugbxoO75GrG6dvypcnxNeo8UXsgkJDDjSUI/wtAA=":{"valueMac":{"type":"Buffer","data":"WSB7vR91fQf1D8I0h3+N7DSQfqQuybQxfLTADXIi69I="}},"2K6BVuDazP8cWCTZiWLoU48G3UtuucmLszCvBGecxmg=":{"valueMac":{"type":"Buffer","data":"5qM00RDnTs5TxvzHrYphpIBmQb3S/A3JRcuSD/9JvPA="}},"2yKgbk9sMpBl1zJO6BZOBcl5ijmm+eRrzjPOPONmQgs=":{"valueMac":{"type":"Buffer","data":"L/hjtvlMfdba5EDvngEzZuSKbuZpsoIThQxj6RUvRUk="}},"20IggfRyqhMG7iqEfiM66SGvnr0fAWw848qMhUaZSwM=":{"valueMac":{"type":"Buffer","data":"5B8S1R0PHo//r+OaBO31kyxwfsKWGKzLyQs/uIofHjI="}},"3CoiN56RInUnvl2WQwUjuStdOgH5DcvKsEFexYO1YtE=":{"valueMac":{"type":"Buffer","data":"qxYjI171JKM26yb3VkyN1Pq0uGIbmoSzs3zqR5Ooxf0="}},"3ENC4cKwW6EXBukU5xamUp7g5mZcoyHNRJXr1U6CUDc=":{"valueMac":{"type":"Buffer","data":"hGEP6ZU4zUcmPS/V0nSx7Dglnaj141I8dYVtV6m4aTI="}},"3OKayHvKQO+0Dv0TKgsxgiO3rDxXpfQugr6zAFljHDo=":{"valueMac":{"type":"Buffer","data":"ZHqeMgFhrrRq9fo2n0RDZsMUikuETvu8/J4JqhLafEI="}},"3Qt6Zi63OXa1KJ/B7/ii/WhG9X9NtYR1gStCRlmxpv4=":{"valueMac":{"type":"Buffer","data":"8Jv4s7rSWUds2N8NjCcQQOHo/izyvDXQcAkLtTAFixQ="}},"3S4Ji0GhdPe8bwhUipcrzC1nTqTyLUQmUYY1oiuwNrg=":{"valueMac":{"type":"Buffer","data":"VtCap0FAKaGknavkOjEC0QUxOqkBD7xW+TcQbY75GBk="}},"3d9tO5ZhZ4BKl53HElBgSIkLibNsRK71vN8yyLP49ec=":{"valueMac":{"type":"Buffer","data":"FNP2ekj9Ald+WmaYi9uqNGktdAls4M0WnzqGv2o+DWk="}},"3fAIDSbyPYob+TzxMi97rX70WP8Au51KhO9paJ4sESk=":{"valueMac":{"type":"Buffer","data":"1i+CuXU0ic7/gF3Ys/kHC7am/Gk80YRKumdUbSSXvXA="}},"3fBplipcOgG8KNqUUCFEVCkNtu5EvQ4D8Bh1zGqg8cg=":{"valueMac":{"type":"Buffer","data":"I1NdcograN2dLVi/DLRklC1kaIlcJyhPaYyTNZH6aEA="}},"3m7R9vLUGnY7TCkXaL6x4gqIlKAaQs52TosQkIZPwPs=":{"valueMac":{"type":"Buffer","data":"2uxX8/ucmsaWqR2Y31NmlZoxdFg7cxjg7CZNReC7rIY="}},"4Ighi28spVEF6Oq1jlBfdHQf4rS9RfI3chXlO2HBKOg=":{"valueMac":{"type":"Buffer","data":"IlCX0k9YlbAjunZKG2mkdgSURTdBrFn/JeHrTw1m7vQ="}},"4sfWCMNcOPDFdngOOmIEheT0Gt5hYKs64oNH34V5mHg=":{"valueMac":{"type":"Buffer","data":"QNHQFs/LvPnX1OC5riY4VXGmQb03MvVyrr5QNlQy6yQ="}},"40yx/38om9iigTx3k1pZALfqynDkENuGhCmVCgVIay4=":{"valueMac":{"type":"Buffer","data":"uVVwAvEf25tGyOQnmE18itBgEXmC90BajyOSz3OfA6Q="}},"5N3+uXy/DgBRSPe6+SL4V8Z5JAUV6JBT4dErmafnkIg=":{"valueMac":{"type":"Buffer","data":"sIcgr6xrKN91TOwh7H4cjCz4VgZ2qUMahsHYy7RFIhI="}},"5cKBGdg0OFScxWb14yHUz1iXsjdAlazllUK3X6gmWos=":{"valueMac":{"type":"Buffer","data":"PaYbX+EtAbqQgYUz7SRNKiEZADv6zHSs5aGdwis/ADY="}},"5kehXUv1oAlfXFMnWOZt3HisQb2MkOsUD7kO4/rEdRM=":{"valueMac":{"type":"Buffer","data":"f7sRpp/uR/OsbLJrCYe6fJjJjohaX0qZMm4rrD0iuCY="}},"56i5bSyKZ8HlvwRcTELTbvjhnZKyWYZILwuRv3FOBwc=":{"valueMac":{"type":"Buffer","data":"iXmuID6AZmRPED8H63EHtv6bpIzHDjWu6DMNDX4n/Zc="}},"6R7Bbd8GlhAdWqSpQiYPFoTYemAO1F8djiKl8mNsPKs=":{"valueMac":{"type":"Buffer","data":"Oh88JHWFhH9P2omgvx2Cs+JQQVO7WSFZlPwS6GZF210="}},"6pC/isouvpVXes2y8/t/6MudvE7ppPTf2ZqcheXMvH8=":{"valueMac":{"type":"Buffer","data":"+HtrxrkrHTyPAebMQ9PVRbijvQUrx9Lr5TETpb2u/wc="}},"65tJWXX7uth0PtFYzPJ5OwXQnrgpRwPlOEen0jRETi8=":{"valueMac":{"type":"Buffer","data":"yilSWCw+whTh7HzhNPpuYAFjmQEDDn0jyq+atJnUfy8="}},"67rz/vj/t+1N95uX/24dCbmtC1ioT/+tZeYgMY/7kHs=":{"valueMac":{"type":"Buffer","data":"zgLQHD5TIec641g8lpUs60f/NNnxSodGlFfUq42z9qE="}},"7E6Z910f4xn3dy22Mk7ykQQFdiHy4KSNK0RT7g6ZZE8=":{"valueMac":{"type":"Buffer","data":"twNK7tOEv3Pf4QvD/hbxudR9hRPjJhC3D4N0WpiXBk8="}},"7MmGJl1Z+ktRrw/oM6CSMs5Ro6gBnk97/1TRiWZAqTo=":{"valueMac":{"type":"Buffer","data":"M0KBnh7AmxasH86sxCKziz1s1D6yMBaXTwpV291ZcG8="}},"7NYCwhTZDrr7FlJP1SWgoBoo83Phpdfy0rNSMumK7rk=":{"valueMac":{"type":"Buffer","data":"GA+2/y40UPGSwZjE8Rs3iz9aJqJ1IsgGnQa1IZGx8oI="}},"7zCMpugLcPJo3xTB0lTlg5Mi/YaF0v7h1y2piWu3DAI=":{"valueMac":{"type":"Buffer","data":"uRpQ8J+ut+65Q5SWM9BMtDteF3JTZboi7g2J/GR1exk="}},"8N1E4Du5ieN8SDZS14WzLRjcyTx5v+fYYYciyf7QoyA=":{"valueMac":{"type":"Buffer","data":"jeU9fTuf3y9EIlfIX6pdrkJWLSvPzTDk2KEYACHXv8g="}},"8VmQ9WLQnLCXe6E8Q+nlvqH2vz2/TooA8hngRuo4pSc=":{"valueMac":{"type":"Buffer","data":"TN0RcDOuwciSp5ze5Nup0wCEMmvXxqdeu3eoUhYuvoI="}},"8bvrAhVYX13OlTtYV11nv4wHurh2yF5Zz+GEdlj7ZcI=":{"valueMac":{"type":"Buffer","data":"VqJTU4+smr15gQkTgqrB079hhzLIVxsvsKIlIBUx3fw="}},"8j2LUXFl6cZrIKuQyVOsxo3UTl06N01vrRy7raZqUjc=":{"valueMac":{"type":"Buffer","data":"THZp+KpsLQ3ivQWfsiXCUVH3Sf5hSqNvOQ/pCnAGxfs="}},"8lP4US/MAEkjMh/en1RD2j2aceBxCs4Bq0V+2fi0pCM=":{"valueMac":{"type":"Buffer","data":"J4aXzHdjYNbqWdeTkzYsWrBnNW6xqB5AiX9wDlJO5gI="}},"8pxKVFn4EnD1rwQn3/miKQg1ohMqocd2glP2Un45VDs=":{"valueMac":{"type":"Buffer","data":"AriaTyqIdCIIkMLMxHpEeY7nKAPlZwUC0JIV01ojV64="}},"87YmZ0pWpUbs/BhdsHbR1p4ruhGd3wbDF8oVUcHzEHU=":{"valueMac":{"type":"Buffer","data":"tyYdbnFWEwu8JlLBLwBX7a0/LTATezWyMyqTR8Sy5zA="}},"9CStj3jN8yKICUo4mSdum+qEqahQp894He5r9jOPSnc=":{"valueMac":{"type":"Buffer","data":"iIHHYDzwVRr8WjjIf5L8uLRjlL0lSGwk5K+vObEZukc="}},"9KCANKU6zzhfvTfBNoemQYexwcwSVXD716YUovTbvug=":{"valueMac":{"type":"Buffer","data":"GNoIw7+cfYX7U05ljEb+tJbo3UdYZvkjJZQewez2oyo="}},"9K6hBtxwQy+rX7EbIl1P3bisyKXmS8OnuYWkbSLDJiE=":{"valueMac":{"type":"Buffer","data":"GPjyO45iqfWCnt5JCO0WP3rSGeWMv1Sa97cggeyMei8="}},"9hoeTSyqTD4Sm8EgXwkGpUxX11QTQIX4SeJ76lJ5oaA=":{"valueMac":{"type":"Buffer","data":"/JQTq4GAqxuvFr7XgzHvHPVjHz1lvz/w+WIudIXv2bA="}},"9qffXNrcaxrIO9451kEomNqKHFO4MbTQG9FFFlLq3no=":{"valueMac":{"type":"Buffer","data":"nA1JwL2hnNV9MuC0Yqf2GP6wiEeQDWkyu2XAzaCEjYE="}},"9q/D7xSYUuyzu0ZCGyUAklD4FKuSiLHCPLskSDz4OQw=":{"valueMac":{"type":"Buffer","data":"hoLam8K1c7PXarZzYZAYgOOppAFL7f+5xOIEO/XDJlY="}},"9sSKzfI1UNuVOwun0tJVjOIbZNe91645r80kPEzAa/M=":{"valueMac":{"type":"Buffer","data":"Dp03tq8daVD4rA8fkZyK0RvWNfXc1+eSe65s8PehgmI="}},"+FSB90BvQLQSa9kDIh9wsYFRPHS6VIjd+fmPYv4/VUY=":{"valueMac":{"type":"Buffer","data":"21nB/hca9HfhXwzXM5MdcWATsDQ78/lQqXtDdpc/eWE="}},"+WVUmFF2WFyX26FZD0bwoUFCxq7Pv9kF/V2RYGSPzN0=":{"valueMac":{"type":"Buffer","data":"eplclZbax03scSjil67kbUMajo7oMGvXHoLfGSeL6Ek="}},"+i1Ob7u9yuEhrA2RxC5B/6KAeCsLeILZ4eBaxVhXeqI=":{"valueMac":{"type":"Buffer","data":"K4ZdzLAffVzPk7OpBwHmSj513xFpAeDOdfzO6urycR0="}},"+9+iftwcNWmlUDd5qm45QBpAvtMWBgRn/r1+gScyXSQ=":{"valueMac":{"type":"Buffer","data":"b6CLBx79h5EDonEnTicJRT1qMB3L5Ej1W3Wv7Cxt6tY="}},"/JUGaOvzTU6DXE9m0Bt3K+Hk0DjalcQcPDbjYSAggS0=":{"valueMac":{"type":"Buffer","data":"BOkGTfg6/nqzTsgTykS04eqlbQbeq/GsetL+Lcr3vZ8="}},"/RwuW0J8rio9mFnELc8hDJtwZwR+AIhxEXL+lYdThvg=":{"valueMac":{"type":"Buffer","data":"FnedBBiwerCWW6vMoaNPLWecsIEfogGn8Tsx2tAwdTM="}},"/VzNqIG0OhDFJCFL/1tYTwmhxb/OOJzInAezn2VO6M4=":{"valueMac":{"type":"Buffer","data":"llHk1ZlfAm0yu4U2xq4g0axY94LtzoPvAaB1WY/OQ+k="}},"/gIGFXea8fkNJzZJ53wXTQB1TtyPCMpOmy7xhMsJ8kQ=":{"valueMac":{"type":"Buffer","data":"jnEAqLLf5AEUiOS6UytHeHSKrjhaVihblpLBXpcqu/s="}},"/iN+IELcfr7WkaimdyqWrQr/VJCnBN6N5KgmKuo7wHE=":{"valueMac":{"type":"Buffer","data":"g5ygYNhmxDJyZSUz4L1tFWNvREKdL6OquEXfIZPdVA8="}},"/8s3sJtw0GdkAVgNBRVGf4WJWe3S7Zy1PTTKBzBgXPs=":{"valueMac":{"type":"Buffer","data":"vrpeFsJ1R0P+ByG9dSdd3YthHIcdenP2sfCG6yMNJXo="}},"/9vcVhKiZ6E8HF6WS2ODYNsYpolJz3cWsruHbJ+ov5A=":{"valueMac":{"type":"Buffer","data":"5AHaquW/+qpAJXUFarVCiyuoplOmx6hKTCNylEFRVyQ="}},"F6qVvYrKbNrcqp7U7NYseZ2i9+ht+vi69lTnDTsfVXQ=":{"valueMac":{"type":"Buffer","data":"gy7ZnsAhc09nlAdyVX+kSSNNIkVTfgsaqr+s7fOjuDE="}}}}