{"version":14,"hash":{"type":"Buffer","data":"xGJ+EmrJ01HtaoEQRGwoiL9C4d2bSAqHmV6yZFy+sCyVOOTNen+FzIXziCSbvRPmwb5Cj33VfliW2oj8BDAX6x1v2Aii4HjS2S4hlduaF7gLxvGquSizHGLzYHJ9O1EwOg25+JyWam5Wxd+vmXhyuPlvsZrzESPUQp0Atlx7NSA="},"indexValueMap":{"AXgEzxusECQXxcWiOgKWhjw3+eRDglAMHJi2hB1U0yI=":{"valueMac":{"type":"Buffer","data":"tMrmvaHUahbj7IuaCD95VOZKTvZb44ML1fWXzvZ6bsE="}},"B65btU8PajtSfN6ciz3XWe+NO/CEC+R5us/rixhEYm8=":{"valueMac":{"type":"Buffer","data":"3QRJWdWpDSQmRmE3F9bAdCeqlUqx9FGjYk+qqTg9SpU="}},"IiJiRZuuXGV7XhrJs+avy2E9WPffKj7OlA/7EEjaPFw=":{"valueMac":{"type":"Buffer","data":"G+p0Pp7OU/QUoy/a+5bo2C3AmMpPYo910G5g75hzJRA="}},"K5bA7FtHoUvoTT9PS6ykLXtRDuPa1/xclvq6J9kr4s4=":{"valueMac":{"type":"Buffer","data":"m5MUiM5HyubFfL5DuEp/4kufIoyg5C4QeehS68SFnAE="}},"LFHXUj/6aCa0EsuHsMnLXGddXTjLR4PHAAQEoOWusqY=":{"valueMac":{"type":"Buffer","data":"i+0Z55cT1mUR+HfHldpVnOnkdBh8KN5i6c4UIGmDg2M="}},"LO9N8qXYswvm69W45moYzgnFg3PpBd0kde5v7EwbZD0=":{"valueMac":{"type":"Buffer","data":"tlEeXKDcGeyqN11A0Cc7zocdfnbbYAVDEBEfzT/s1oQ="}},"Lkjqx+NMgyzRp+3xW73AJHyf0ow+RjLcIptU5LOxxeI=":{"valueMac":{"type":"Buffer","data":"z55dAwInWboqyi3Zs239QiiyFmdmFfdT1ldFOp1y6Lc="}},"V7UgDKZGNc/z7SDFdchgibZb5WDN5AeEKrZcwZRJW3g=":{"valueMac":{"type":"Buffer","data":"I+ZppKMahVBsRIv8GQa7q3uI7noFqHLBx4NSSU+3ZUU="}},"XXsQ1N1406R/y6Aq5mL8CpZaFMWapelk1uf/Fq1MLB4=":{"valueMac":{"type":"Buffer","data":"Sjxcr/ZX/PHg6P0/F9ezhksH0e7K9w7LPThWvuoSEAw="}},"cisQIEYXfItrhK90exwqcdfVR4IF85qepYfsc+ivPsQ=":{"valueMac":{"type":"Buffer","data":"kSe87VmUFgYbo4qx/4PzSgEV5RMBRFJyae6nclQT7hM="}},"eUZQ2rji3cG6ejWCZrbuJDcIZwoUbGbNtdoltB1nEwI=":{"valueMac":{"type":"Buffer","data":"lF4XAqyA0tVHBCdf48HmE8eq/celb3uks36W+Bmlo98="}},"fISumDZxt/k5xo78Nk4wNZyhv5j5xu4pRpmbqrdPcqs=":{"valueMac":{"type":"Buffer","data":"YGvWDj/gisI4U0B/0hEw/FmYUDCAkcywWVT6JMDPEC4="}},"fh7zqENu9LUz5dV8vdKlz211R3kx97Dmyn1G6yuLAGM=":{"valueMac":{"type":"Buffer","data":"TzhNAnUYk6E4Eoi3y4MgJsLHL3DwZbxHOWxgcDaT6pI="}},"h7i51CVQsjex32OkoBCtoDcNj2Gfdg6Qw2mCKNjy/YQ=":{"valueMac":{"type":"Buffer","data":"NLazJ9KTPCP7yFpXsvndQUsWIliw+AOqbYmqicHNpLU="}},"jjs/lnzxZ4pevpNMH+eYDoZLOhzgJrsiT7npjpxeHdo=":{"valueMac":{"type":"Buffer","data":"oVAPnNwwE57KRH3irS6HYyZrXPAX9CxBn/fn1u/Ar5c="}},"ltygFdc2QNNcVi7VSyBinZaUzWNHegE9PmxR9dl0Jng=":{"valueMac":{"type":"Buffer","data":"kh1ZIQTQ3VgLMV1Seze1vn+nC0sVGhfyEoGgaR/y2Vw="}},"mQ3lAQSdjrz02wtHGfmonqSxk7QpbXccAGpDql7Tj5E=":{"valueMac":{"type":"Buffer","data":"q5b9T9UNeMNJrgXstlKZYftych4duYe9yrbxcu7srMM="}},"n3VbieZB37bScc82CHG5r4VpqTL7uB4Crd5jglMyAVk=":{"valueMac":{"type":"Buffer","data":"uz9Q+bp3jKdivTQrlJmh+RxhzUEsZIvjJgo/yvTyKgo="}},"qk48prH4S8VEgSUd3p5wfEUk7imtf+lwXn5D49iKgIA=":{"valueMac":{"type":"Buffer","data":"NoPpDyC2PJpo2yRrS7YOBcM3bfrIeqSRfXsGT+TfPzY="}},"1K/RQlhfRNbNUWNOIMgfakJrl1H30t1YsmpcNUNxwQc=":{"valueMac":{"type":"Buffer","data":"5V4/BC0yJ9sPMaRws5y/gKIwqpLuXQKQPTEJmLpbSx0="}},"7CpR4nXe5tFN2ySn7m0Z2N6HONSIqK8ygyfVcT9UA/8=":{"valueMac":{"type":"Buffer","data":"5NO0XJL3fBSPhCXm4wwXEvD0pFFPcutbpNAFvwFgJpI="}},"r7EqL6ivXZX8MQTJd3osa4SdAAvJEG+hRIcXaHT8wCw=":{"valueMac":{"type":"Buffer","data":"MKC16V7hFOZMiXffDWH+X+qUGeWbp+6MR1mZ5fTyPGw="}},"8nD9ahnujDRf6esMclCHuOo8YJeNHEhPrVABM6hQ9XA=":{"valueMac":{"type":"Buffer","data":"bYVrWSTRVaqGTUlEIZFTcRRU7VfyVCxbz+n0RNWP6kg="}},"niY8l8VUwAhlTn2Fl2bcfPYUeHEiVgOE9m1b8VDHJtg=":{"valueMac":{"type":"Buffer","data":"E/936jNoTUT1nompU/0u/SLZ7+6iMQELrxWJFDPf9To="}},"3Kc+mBXtQNT3c5afuJ+4aT0D1rQocvM0hhI5khTEUF0=":{"valueMac":{"type":"Buffer","data":"BgevctMy7tjZrjocEX7gNek4v91u5iLpJ9Bd5LATyzA="}}}}