{"version":6,"hash":{"type":"Buffer","data":"rw7a78fdCA6JjU8QWy8CprG4KuZMmSZ4XHAYIl0lYtxzvOvlBW677IYiIEygfrNnQcK0ut+dDysSWHOO9ANcD6bWgmV+sEpS0ZXzU9YWTVh32tqHBhQcf1I6Ayk9m1wgLV3IjdpM2hgiFAB5hQpSlvzopqiNssls0QfgcV4k7p0="},"indexValueMap":{"DwCFoRxFKUaGt4x/Fx9QelV6KGX+PyLCeW52tGZWWyo=":{"valueMac":{"type":"Buffer","data":"8PPg/7jHghV8s+wEdVMkEw2+WR3rpsfzkbTBe8a8Vqs="}},"OjrUCGa7WGNQX2i1gim8/KUA2Pxe/cfTac7AAjddzqQ=":{"valueMac":{"type":"Buffer","data":"HMrrBUTZUs2Y3I4uwgrdWrvaB9tw9lBK1ZC925iBMOo="}},"PKAnG06I1qXvuLKnpYkcma1nH+yhBXjOWV+yoqD5nn4=":{"valueMac":{"type":"Buffer","data":"XIX/J95rbeZgAuEcUTx/WN56Do/Yghq5jN0szLED4JM="}},"SiWSpuC/wOqQ7iah5l/xNms6YyqDh4nCOmYjuHbuxWM=":{"valueMac":{"type":"Buffer","data":"6o4g0JwbXyFt8QGp3zel2kc020ZbOCvcf4xaKGIdHkE="}},"WPEm3j5UZ87powF5yXtuMNOsi3zJJRaz1AgUaGLScgY=":{"valueMac":{"type":"Buffer","data":"v1fl/B2g7M8DC9GYLuR3ofjYb32Ph+r8ENrU0gAxFjA="}},"fXfro38p7+wBUNm4JQki/AOl5vboVv300WqcyaPftBk=":{"valueMac":{"type":"Buffer","data":"jv+68LmgRGynNGb+BCypk9xAcAvxkDOTROGzoSXgyOw="}},"45bq5Db+MpwwO3tJx34Kxxu5vdjxgG1qnYACPKJHwCo=":{"valueMac":{"type":"Buffer","data":"rk6IIP7zCTgyMFgf1iRK+UagHW4vHc8BAp2wvL61h90="}},"6Oy7l7rIqGEqjyoZ4YXaX8ei6LRHd3VnRPlaQBvUPEY=":{"valueMac":{"type":"Buffer","data":"nkJ6ndeDRKVZVEaOdjD6YGVDSEkvDpEX5cFN+9Tb+qs="}},"Y9IxLGZ9jWB+wkXDH0c1lgIo+Fmn3rhoRxzPmfmW7Jc=":{"valueMac":{"type":"Buffer","data":"wCglD2m3ysxXWkO2VBmEZl0stVJ0tlPfv4J8tyvHvyc="}},"Hxgb8SGMEF6ovhayyn0rnFaX0pRggRnWPOaZjmem49E=":{"valueMac":{"type":"Buffer","data":"BT0Vi7Jh1g+6ctKs7lgCXNObjR75ungydAgRPNVYhEU="}},"w4hdWusIkHtzEdMwx1eOoJ1ljyRxXnUQHsiREwUMcMM=":{"valueMac":{"type":"Buffer","data":"QmSlkyWKdryAH5Ytakc8r32SW1rFkzi2ZX2LJgEPCjM="}},"n8Z/QmAAXR9bgaR5+AIIKNKrrFlAnHdUCd9bYPRkXHc=":{"valueMac":{"type":"Buffer","data":"KoSWptf0Upj9cy+bP1a6UzfRgTkPRmNaDCUP19Y1nFw="}},"TPp3+930eFe2Q0Dyuve3/3sWn43/8aOO3XI7uTc6ZZw=":{"valueMac":{"type":"Buffer","data":"qvu6mPB8FbVe9bQ100ZsCGo3RBXf8s24J9TDTbdWhCE="}}}}