{"noiseKey":{"private":{"type":"Buffer","data":"2MD46ySCLy5BVOcUGjNs2A/E2PTdhkqauUqx8j0/aUk="},"public":{"type":"Buffer","data":"A2jPPHXAtoh/hu7Po5nwz7qoxChwIzvEcAY2w4sSczE="}},"pairingEphemeralKeyPair":{"private":{"type":"Buffer","data":"ILN1yc6SzL6VSxxjU9vtgKnGWW2pUAS/bMzRDekzKFA="},"public":{"type":"Buffer","data":"cRgYuSYzJDS8v0wiLQcuYRlvfak5RZlK0mt32HkIlV0="}},"signedIdentityKey":{"private":{"type":"Buffer","data":"GBKR8s0pPXIMFdqTKqyPi1W99PGG7MIWDkUUDjxwcnQ="},"public":{"type":"Buffer","data":"egfyFu8CwQNGBMLPqn9xBsbqyhOxal7Hrm/nBBfkFRI="}},"signedPreKey":{"keyPair":{"private":{"type":"Buffer","data":"MDC2+V1fYcbQpsgsdbQDXOGRf5OT8hDyE+R6Z9jxYG0="},"public":{"type":"Buffer","data":"pr6F5LIYu7DQ+AVRQTndf6VtcvY55fbzMvRKKByWdEY="}},"signature":{"type":"Buffer","data":"LP7zRlgNdBpBebUF6I8cyCxdqkr8fuNNDBmyX2nCSEaxmAnZaRkbWPcckfdd4XrX3e8V0ort38fQ4eSJWpyEDg=="},"keyId":1},"registrationId":197,"advSecretKey":"l8qfzJBCJnNdN3u4KLHAwovvP14JkPtkfOeIRMY4V5s=","processedHistoryMessages":[{"key":{"remoteJid":"6285721670655@s.whatsapp.net","fromMe":true,"id":"FA8AE69148DEAAFE169A964E72AF81C3"},"messageTimestamp":1716604986},{"key":{"remoteJid":"6285721670655@s.whatsapp.net","fromMe":true,"id":"98C99B4A5F64266EBCEA2E19A4215684"},"messageTimestamp":1716604989}],"nextPreKeyId":31,"firstUnuploadedPreKeyId":31,"accountSyncCounter":1,"accountSettings":{"unarchiveChats":false},"deviceId":"jbB0KQ__SMOYi5AxCLq2Dw","phoneId":"335c7df6-7d07-4d6b-bc84-4439ba8d14c0","identityId":{"type":"Buffer","data":"RaT9fY9lU0brglRz6j7bAA0g5QI="},"registered":true,"backupToken":{"type":"Buffer","data":"Z154kIZvDVq8f/jkMDJTefo/suk="},"registration":{},"pairingCode":"AC12TR2F","lastPropHash":"3H9ELF","me":{"id":"6285721670655:7@s.whatsapp.net","name":"Artificial Intellegence {v8.0.0}","jid":"6285721670655@s.whatsapp.net","lid":"76725732032695:7@lid"},"account":{"details":"CMy6ro4HELOgxbIGGAEgACgA","accountSignatureKey":"wE9Aok6p5QqOAZVRRXEujsL10M6wP6/7/JBXoHwjmTk=","accountSignature":"1piolwml44UrU85GIw4tbFpTDWGrP1tWt63/1DkQJcZQNRN544pfeANkE2XP2YYqtbQT4YtzDRDdcMHD9snjDA==","deviceSignature":"TaPsp1joXKYn21AbIuXLzaZq81kLjpDOO9kTYkgBS0JRkFzSAFN3UeHUdwM9X2rWAJvXXMsOTZVTje1snIq7AQ=="},"signalIdentities":[{"identifier":{"name":"6285721670655:7@s.whatsapp.net","deviceId":0},"identifierKey":{"type":"Buffer","data":"BcBPQKJOqeUKjgGVUUVxLo7C9dDOsD+v+/yQV6B8I5k5"}}],"platform":"smba","lastAccountSyncTimestamp":1716604982,"myAppStateKeyId":"AAAAABp9"}