{"_sessions":{"BZqHDLTbknIGvQsVsQmuUwVkdKtZpP7xzuJSzZp9POUF":{"registrationId":1757271103,"currentRatchet":{"ephemeralKeyPair":{"pubKey":"BUO/c+sQxlK/9VDWxLvnKR65qVrPHRXLUY3M6REqIWx0","privKey":"KK0j68OjA/nylRmj2lWI4kFdNg1WXwplA6C0fcKzZ2k="},"lastRemoteEphemeralKey":"Ba+OqXvXWqC0Zw5sCHiljhUnc426jQiJI2gFrqFNvTkF","previousCounter":0,"rootKey":"nkU08rfZ+VmH+fvIAQAkHtk9Q4HzZESQvQbvNy5ExWg="},"indexInfo":{"baseKey":"BZqHDLTbknIGvQsVsQmuUwVkdKtZpP7xzuJSzZp9POUF","baseKeyType":2,"closed":-1,"used":1716604984159,"created":1716604984159,"remoteIdentityKey":"BcBPQKJOqeUKjgGVUUVxLo7C9dDOsD+v+/yQV6B8I5k5"},"_chains":{"Ba+OqXvXWqC0Zw5sCHiljhUnc426jQiJI2gFrqFNvTkF":{"chainKey":{"counter":6,"key":"6maFLjCURKyJSImLtDw8GqNzBmLhWvUgSlHaMhm4pMA="},"chainType":2,"messageKeys":{}},"BUO/c+sQxlK/9VDWxLvnKR65qVrPHRXLUY3M6REqIWx0":{"chainKey":{"counter":-1,"key":"uv95WXyray8t5ZN4zlhCM2cKdLD5e4HZGR3WlDRH7Zs="},"chainType":1,"messageKeys":{}}}}},"version":"v1"}